condition,seed,scenario,n_episodes,sim_steps,wall_s,reward,reward_std,ep_length,ep_length_std,vx_abs_err,vx_abs_err_std,vy_abs_err,vy_abs_err_std,mean_height,mean_height_std,below_thresh_frac,below_thresh_frac_std,energy_per_step,energy_per_step_std,torque_peak,torque_peak_std,torque_peak_std_acrossdofs,torque_peak_std_acrossdofs_std,energy_std_acrossdofs,energy_std_acrossdofs_std,mean_jerk,mean_jerk_std,fatigue_max_acrossdofs,fatigue_max_acrossdofs_std,fatigue_std_acrossdofs,fatigue_std_acrossdofs_std,early_terminated,early_terminated_std,survived,survived_std,error
reference,1,nominal,64,3578,47.2,280.54820919036865,12.958734663024275,3578.0,0.0,0.037736574216978624,0.023999259697382345,0.03161882481072098,0.006094872643808884,0.3152316918130964,0.035984659084422034,0.15263852119096555,0.11960052501243064,0.6478674691170454,0.022913784356672597,21.911920130252838,1.8408325082543884,3.5859432481229305,0.49469672830061134,0.02689427649602294,0.00044325944082006507,672.4038181304932,115.45962172360099,0.6862080506980419,0.04235968860083912,0.12894397939089686,0.012500078673956203,1.0,0.0,0.0,0.0,
reference,1,payload_5kg,64,3578,49.9,229.2594734430313,31.408769651788894,3573.171875,38.625,0.06866582497605123,0.11332112971502341,0.07820875538163818,0.012626262117865123,0.2517877940554172,0.0424242554288673,0.34307274894490547,0.24714587893718018,1.083636112511158,0.11635623372891468,23.641095876693726,1.3120461662902643,2.2741001583635807,0.4864716976109195,0.04256072918360587,0.006242886436613499,708.303512096405,205.0176902124673,0.8803714523091912,0.026743359254039645,0.11169541603885591,0.009664924431142686,1.0,0.0,0.0,0.0,
reference,1,payload_10kg,64,3578,53.0,17.2020336270798,20.062255853795094,3552.859375,157.9428133587175,0.8232075094711035,0.13650293876867467,0.052209444089385215,0.02929333157489572,0.12113973912073561,0.08784729738925738,0.8082160079502501,0.27722320584599097,0.5423789380583912,0.32060939607549466,25.05092164874077,1.7938034241637724,2.195170408114791,0.5697571328136661,0.018114100639650133,0.0099513515325591,620.1877422332764,694.3244402958525,0.9694688823074102,0.03403174126464111,0.11272770387586206,0.02764465648716286,1.0,0.0,0.0,0.0,
reference,1,payload_15kg,69,3578,52.3,-1.1973212875317836,28.385430632048426,3017.521739130435,1195.8454504793772,0.9751817851826765,0.021899278626456124,0.048974304540973644,0.058152164026734676,0.12533328533965582,0.1176622909636056,0.6941332301851261,0.4288529204243499,0.38525765583566995,0.3643344786986091,24.210872705431953,2.026199442236128,2.8118659758913345,1.0657502244309796,0.01743137993026471,0.01711683947640742,504.49835525733835,633.9249890089736,0.9579481948976931,0.03660233403576755,0.1428245370802672,0.04814454845500291,1.0,0.0,0.0,0.0,
reference,1,push_x_3,64,1547,20.8,35.04576145426836,20.736348759213584,732.15625,343.902727976275,0.32023355492856354,0.2174872134528108,0.23450599645730108,0.08651982875182329,0.3204430884215981,0.10302653611858319,0.2558735305647133,0.3278036296366887,0.8955300031229854,0.10133067271223863,33.3084796667099,6.836538702176497,5.867014179006219,1.9167734204162248,0.029726412059972063,0.005259660020823403,1062.1646709442139,170.65349749728267,1.0164959747344255,0.14065940460485377,0.21527468669228256,0.038794233720823704,1.0,0.0,0.0,0.0,
reference,1,push_x_5,64,795,10.8,19.63269093632698,11.16822442001297,464.265625,156.4859385322954,0.35401090688537806,0.22870652568834596,0.23078022606205195,0.14541263590103937,0.3146870043128729,0.10674843727697925,0.30132163857342675,0.3713654645616769,0.9749819813296199,0.15454374963481649,37.718421280384064,10.03694306647804,7.278639607131481,2.6881768924410396,0.034754950320348144,0.011116555131535305,1139.330231666565,222.84434266275213,1.0204786509275436,0.19825649323999808,0.2193266563117504,0.052497132608213766,1.0,0.0,0.0,0.0,
reference,2,nominal,64,4257,56.4,284.39101207256317,36.09157101861542,3521.078125,372.68588862121,0.03151462832465768,0.03131587109459939,0.041847997781587765,0.010647436132325976,0.321004431694746,0.034138866368563996,0.12234051820996683,0.11925956391982513,0.6778585640713573,0.03993292902952073,22.325506657361984,1.9899778551694844,4.373548254370689,0.5210197355758939,0.03842953097773716,0.0007941739328237097,840.688099861145,110.06481105339647,0.7092835288494825,0.06926139064211492,0.1598955256631598,0.012954282410247736,1.0,0.0,0.0,0.0,
reference,2,payload_5kg,65,3578,51.9,203.41265454567394,52.063412933921796,3425.0,637.6171460994442,0.10238839554098936,0.1293983407391048,0.08478079535640203,0.024559831580623796,0.25734070654098806,0.04694480523415582,0.33220720669756143,0.2333269852288614,1.432919468329503,0.140889505888883,25.356564947275015,1.7269564049114845,3.1965850261541515,0.5084030846043424,0.07802397399567641,0.01105551532461459,722.4563208946815,161.16720888471923,1.008124897113213,0.03268400812471494,0.15874589131428646,0.015410237798385377,1.0,0.0,0.0,0.0,
reference,2,payload_10kg,82,3578,54.9,8.552867552129234,26.64237849623574,2316.9756097560976,1273.3069996851327,0.616949918430026,0.17398346368694206,0.13111777967069208,0.060110165644675466,0.19723621819440912,0.09483794994205706,0.5497410362728349,0.40061042014816844,1.168843424810869,0.3689660456568826,26.74734036515399,1.7174679297761708,3.0476097450023745,0.4724044489207739,0.04826336978116959,0.017395022201438893,746.9447945385444,214.05371026980615,1.0660467991014806,0.03447152477935961,0.14528857762130296,0.023995832173981917,1.0,0.0,0.0,0.0,
reference,2,payload_15kg,64,3247,50.3,-9.209068566560745,5.570407961822304,580.109375,506.59063079798625,0.9270047945901752,0.06100436550701339,0.17011040105717257,0.06236938877129922,0.2445012275420595,0.11082726615803043,0.2498779324523639,0.421965635234479,0.8692466290667653,0.16266454410890546,24.852834671735764,2.0356691253685386,3.033642092719674,0.6394107658711949,0.03549238052801229,0.00818185127874805,664.7345018386841,143.78336000161738,0.9931748118251562,0.07093078579952256,0.15720744035206735,0.027854384511847494,1.0,0.0,0.0,0.0,
reference,2,push_x_3,64,1157,15.7,30.743702036794275,15.95218385890775,578.328125,252.76101107615094,0.28064098150935024,0.15763329268536425,0.2094218775164336,0.10050301060170354,0.30453790887258947,0.10528917375656656,0.32481189996906323,0.36608778225946775,0.9206856833770871,0.11420591305902837,30.428378105163574,6.109234275624292,5.0917817279696465,1.6914482582037949,0.0408628152217716,0.005876418650925734,1280.1139850616455,264.27030673621067,0.9515168406069279,0.15383276325086243,0.20431260718032718,0.04305835183538644,1.0,0.0,0.0,0.0,
reference,2,push_x_5,64,776,10.3,20.734457850456238,9.848567064664637,444.1875,144.54437172309892,0.35273166629485786,0.2406512089836438,0.23913107422413304,0.20112572274494822,0.31628438842017204,0.1173857211878694,0.3398702921294898,0.40265154971106076,0.9712611343711615,0.18931726577430277,35.857301115989685,9.630014631381757,6.402430536225438,2.789286589135172,0.041561696940334514,0.010636696458581294,1308.1124153137207,323.10034687263555,0.9747449923306704,0.19724610678803378,0.19726473873015493,0.04913779334881006,1.0,0.0,0.0,0.0,
reference,3,nominal,65,3578,46.3,278.9969952509953,63.181662091207386,3373.3230769230768,686.8780620425903,0.03324506119466745,0.04237125814514083,0.03205992355942726,0.020540200323227925,0.30567537316909205,0.045386586326020495,0.21267293507878024,0.17614584513005183,0.6224698488528911,0.04108552410651805,22.52329852764423,1.9559236338010977,3.8890869012245766,0.6042354138765426,0.03274902744361988,0.0010536322360838273,711.3946026141826,115.60350264684469,0.7144901651602525,0.06140563972268632,0.14300638826993795,0.016344197732538434,1.0,0.0,0.0,0.0,
reference,3,payload_5kg,64,3578,50.2,224.80809346446767,44.459786027156454,3495.3125,366.1106986292447,0.07998303562635556,0.10829840526244416,0.05844803637592122,0.013617079648796616,0.25239751825574785,0.04313107111710698,0.35465162996297295,0.24875738059999158,1.1241904073394835,0.106828977147471,23.126579493284225,1.4147833643315864,2.7410987466573715,0.41527238017674756,0.05408104319940321,0.006040123441426205,632.0955257415771,92.55385045892021,0.8913861690089107,0.047505722106876126,0.13039026327896863,0.015155017798916271,1.0,0.0,0.0,0.0,
reference,3,payload_10kg,71,3578,53.5,19.274741871256225,27.250958669635484,2541.3802816901407,1294.267276064472,0.677022441592015,0.17024092435003463,0.10922837249514922,0.058566995390487896,0.1905831677419409,0.09615664533035446,0.5705925913488257,0.4006845506593403,0.9194985751954603,0.3265359620487232,26.10326181331151,2.3482400689173626,2.6315680322512773,0.6052378107410319,0.032885593473648944,0.011978059366312382,807.7773521315884,304.0180531616669,1.0141405992104973,0.04345154352825406,0.1263208804835736,0.02369595388013203,1.0,0.0,0.0,0.0,
reference,3,payload_15kg,77,3578,53.7,2.221168722521949,21.862926914930146,2565.5454545454545,1428.1355396520405,0.9646158171938611,0.03809653223406734,0.06975930511298312,0.07072940061385284,0.16141323396609492,0.12188796705651142,0.5355200969603505,0.48675748736804364,0.42567021750494255,0.32828846794845173,24.648468190973457,2.0887620110888157,2.99527522650632,0.7149819486093902,0.017098034284525103,0.01251289968307577,507.68556527967576,588.8238118096118,0.9910932067152741,0.046527525620795374,0.15242633407379125,0.03460244300818557,1.0,0.0,0.0,0.0,
reference,3,push_x_3,64,1213,16.3,33.99047433398664,19.304385093382837,646.5625,292.1995879640305,0.2904978774022311,0.17490819592771906,0.24117880407720804,0.1226519384950044,0.29569259472191334,0.09664777357836904,0.30016193754272535,0.33777121916383773,0.8729803059250116,0.08829988601606584,30.29303550720215,6.095303138204088,5.0642114616930485,1.6320487808128976,0.03344426315743476,0.0029531772218792576,1243.298505783081,282.666899158067,0.9132237024605274,0.12471660609222433,0.18232810450717807,0.03748677649913254,1.0,0.0,0.0,0.0,
reference,3,push_x_5,64,822,11.4,22.96754217147827,12.208411327941242,491.140625,167.3453673520912,0.33806040178751573,0.21657642707302907,0.26488260709447786,0.18421476787872626,0.3216026716399938,0.11041024702347121,0.29961479086705367,0.3909293832399298,0.9217530721798539,0.13152918755595414,34.98088836669922,9.764044732072177,5.859357222914696,2.6178935590178587,0.03482221849844791,0.006379077173404724,1373.3824310302734,495.323984286097,0.935643776319921,0.1867453371790416,0.178950967034325,0.05112649833815757,1.0,0.0,0.0,0.0,
reference,4,nominal,64,4415,59.9,273.10175931453705,49.87346845143912,3448.078125,530.522572704319,0.038417068135458976,0.04090553221763189,0.05544064991408959,0.015542699835383873,0.32540747500024736,0.037303925816497246,0.12193965532060247,0.11725545914693127,0.7769713085144758,0.03423861420055446,22.5970698595047,1.6872145642738048,4.459720849990845,0.6434064181152167,0.04253639589296654,0.0009813945918590347,723.408932685852,103.28598714474,0.6584160719066858,0.07893320331671042,0.14855548203922808,0.013418270237084856,1.0,0.0,0.0,0.0,
reference,4,payload_5kg,64,3578,50.7,210.32832468673587,43.16367606044991,3438.0625,593.7568011306388,0.08753120206529275,0.07761355246040336,0.0920912598958239,0.028237307247647628,0.27194807725027204,0.03814177416673251,0.25714080794023175,0.18653600940954407,1.4078424163162708,0.06397342839611868,25.343699038028717,1.1614917414638024,3.958291333168745,0.6010527832891964,0.0762151901726611,0.007211944517189815,679.095947265625,122.19675375363087,0.968793555162847,0.036548506778695054,0.170935443835333,0.023458651839004283,1.0,0.0,0.0,0.0,
reference,4,payload_10kg,64,2975,46.5,4.192180746933445,7.755570956539212,1143.171875,732.3380595613905,0.6870381296612322,0.10783559914442488,0.1625495437765494,0.042294792328596176,0.21896218176698312,0.1090605819790451,0.4230290179257281,0.4641545891571628,1.1205077907070518,0.1411398631621932,26.304895967245102,1.445466121997646,2.8028178457170725,0.5308163699743984,0.04023469489766285,0.008514046699730465,910.9967164993286,214.78786105891447,1.0511809904128313,0.05056050740777919,0.1360360544640571,0.028963800125298755,1.0,0.0,0.0,0.0,
reference,4,payload_15kg,76,3578,53.7,-0.5021839863375613,24.998318732664195,2441.6315789473683,1437.9972354364268,0.9781241730639809,0.024461347487482382,0.07220816514669232,0.06501032014326728,0.15576947215882492,0.12819469294454058,0.559165392892809,0.467379838983157,0.4645318924939554,0.3171803885858896,25.353823887674434,2.5276015904426576,3.1385918024339174,0.8896734379945735,0.02200051411330749,0.015694749872202016,538.7904918821234,385.2052645793905,0.9790552768268084,0.05115486953594497,0.1593135806094659,0.04851308941590088,1.0,0.0,0.0,0.0,
reference,4,push_x_3,64,1152,15.9,29.788288086652756,13.045698711707178,578.828125,236.9991999643251,0.2659574677236378,0.14722694017036725,0.2120859446004033,0.0793075192477338,0.3223936092108488,0.10569153802487129,0.25166716007879586,0.34526365314073504,0.9670821623876691,0.07854730940912855,29.569566905498505,6.739126689139452,4.91080667078495,1.9398295106571743,0.040695741394301876,0.004568057088794782,1227.0399780273438,234.4520616699179,0.9033480761572719,0.14764310050682541,0.1805777191184461,0.041681238624334475,1.0,0.0,0.0,0.0,
reference,4,push_x_5,64,784,11.0,19.94411314278841,9.855796545691243,452.03125,139.33868396538827,0.342163672670722,0.2516422342818909,0.2658734772121534,0.15491186332512674,0.32314792671240866,0.11076515695323517,0.26112966224900447,0.33333131822146306,1.013202203437686,0.10423065672639305,32.36102616786957,8.279767596351821,5.674312263727188,2.673933150657522,0.04118700695107691,0.007109091234583209,1368.461929321289,382.8477430548194,0.896013867110014,0.17033450992255825,0.18319511029403657,0.05249243966783316,1.0,0.0,0.0,0.0,
reference,5,nominal,64,3578,47.3,290.4583442211151,16.473441600393027,3556.640625,170.875,0.02340815294883214,0.006192545289365956,0.05079557705903426,0.0037140235524907167,0.30823674611747265,0.03316132058524423,0.14524007667205296,0.13337013345694382,0.682357544079423,0.012090950757533962,22.846942454576492,2.2237123135672725,3.956267222762108,0.51828955263667,0.03606095025315881,0.00024626704459044423,858.3658580780029,20.266151414387156,0.7015159642323852,0.03850419045142532,0.15254512848332524,0.011508688078310505,1.0,0.0,0.0,0.0,
reference,5,payload_5kg,64,3578,50.4,197.8844353556633,44.456003158109894,3426.203125,514.0215294017286,0.09905045546474867,0.11981598448018857,0.09687381010735407,0.018876566073135828,0.2523643812164664,0.04166043392943925,0.33779886732918385,0.2346190423246205,1.426325624808669,0.14891896412140787,25.21255871653557,1.4619172028481513,3.2477471865713596,0.46054209234613286,0.07557141449069604,0.009790805443295433,729.1445488929749,100.88243937713096,0.9965491248294711,0.026737660202603365,0.14826980442740023,0.019863675424608235,1.0,0.0,0.0,0.0,
reference,5,payload_10kg,80,3578,54.0,1.312293627928011,16.591340415604567,2101.4625,1432.2859920884905,0.704874299839139,0.15648597340725,0.12847875314764678,0.0788274275987579,0.17643402012763545,0.1015960306556698,0.6205413760908414,0.4152784807471876,1.018046615831554,0.42019163907692875,25.958041858673095,1.7192998834683733,2.7854270443320273,0.528456410773641,0.04133178762276657,0.01805647362805212,706.1829167366028,324.05678036907017,1.0543284863233566,0.04786378060694298,0.1418090842664242,0.022738190291791843,1.0,0.0,0.0,0.0,
reference,5,payload_15kg,74,3578,55.7,-12.420817188314489,22.347288343725303,2447.0675675675675,1458.7333061206846,0.9385709085979977,0.05682294271502274,0.08321184345294495,0.07452768488605409,0.15959278163909157,0.12463024504409694,0.5972253088965207,0.4672063388972216,0.5356134441051934,0.3469314633110913,25.357085382616198,2.2591182310144333,2.8452526701463237,0.6655354989689833,0.020352748002403893,0.013706087354003945,493.6002116847683,412.25018465622304,1.009342359529959,0.05938112749236393,0.13838879341209256,0.029956728242317356,1.0,0.0,0.0,0.0,
reference,5,push_x_3,64,1871,25.7,41.319367811083794,25.504616500710164,798.15625,432.313496580198,0.2576396372169256,0.13141071181028482,0.21726071066223085,0.07543981173448334,0.30641963914968073,0.09873939169656168,0.30391992391378153,0.3611551038669162,0.9209638712927699,0.087766880284298,30.39466366171837,5.732512069814,4.906339306384325,1.5820222677638014,0.036861239990685135,0.0049235300957048865,1353.927095413208,197.0117102304795,0.9355410179123282,0.13691873891537054,0.19146606954745948,0.03446890245938819,1.0,0.0,0.0,0.0,
reference,5,push_x_5,64,877,12.2,21.88177694194019,11.317480480998759,493.1875,166.37144090620345,0.32622529746731743,0.2563474780224249,0.2479140784125775,0.15456381358315174,0.31475902907550335,0.1118524121210322,0.31487624345027143,0.38703600947738614,0.9829379944130778,0.1300763687440095,37.730363339185715,10.994687943635112,7.1194547191262245,3.2478750223898505,0.039465966692660004,0.008572428875252796,1410.4856061935425,286.79999278574286,1.0181204294785857,0.2273284098231207,0.21927955257706344,0.061283113218392894,1.0,0.0,0.0,0.0,
reference,6,nominal,64,3578,47.1,278.31903851032257,31.657409909424587,3521.4375,355.9444345346482,0.034626189939444885,0.018642131987957028,0.04671975446399301,0.007577572631677729,0.3227876154705882,0.03366465090397438,0.12064268410176737,0.11600835352291862,0.695899928919971,0.02463423302008888,22.660283744335175,1.7937787172525537,4.246779564768076,0.5754621243047541,0.038017313985619694,0.000642166950826597,738.04798412323,97.27510218222683,0.6892767511308193,0.06372076060605862,0.14254246081691235,0.013292994986210447,1.0,0.0,0.0,0.0,
reference,6,payload_5kg,64,3578,50.8,197.73066449165344,51.21290877516967,3372.75,670.5621427590341,0.0984859298041556,0.07290209566570517,0.07928186102071777,0.020175915806187716,0.2584007615223527,0.03838061731901207,0.3172869859063212,0.20322710549207842,1.420044818893075,0.06164431862495766,24.7691810131073,1.806462928378267,3.231035217642784,0.5061596588024959,0.07388415816240013,0.006694416215767045,720.7722396850586,126.67457106841871,0.9545062007382512,0.02943300805191762,0.14215029391925782,0.015831563898265573,1.0,0.0,0.0,0.0,
reference,6,payload_10kg,71,3578,54.6,12.698823690414429,25.916331551400273,2753.1830985915494,1266.2382004511198,0.7778639889938731,0.14375216484068845,0.09270180108576594,0.0616733416189261,0.18817330112280717,0.09952546612879334,0.5911798444150251,0.43575010646882945,0.8333713942220513,0.4266049992803575,26.278504573123556,2.2102078635561613,2.870899092983192,0.5370900951100244,0.03380742790439809,0.01782875314604958,817.6336567838428,559.2890863171064,1.0362800191825545,0.050588226970138685,0.13787702334598756,0.023359699206315615,1.0,0.0,0.0,0.0,
reference,6,payload_15kg,68,3578,54.5,-6.1107058244593,27.614645885638524,2824.1176470588234,1185.8855313289207,0.9200979076764163,0.06329975101028769,0.068834544844268,0.04802799157598521,0.17848862971946158,0.11203966495702782,0.547470611109234,0.47663078682877846,0.5245260085691424,0.3367951625641136,26.19852332507863,2.779947123041802,2.9593189656734467,0.7448182727960292,0.021097220360602745,0.013744625186880795,498.4225740993724,334.00674914851976,1.0161185667795294,0.06835349477291984,0.13202617421527119,0.03588422294237657,1.0,0.0,0.0,0.0,
reference,6,push_x_3,64,1164,15.9,26.81584693910554,13.667772154096445,552.0625,217.30936728800052,0.284351329668425,0.1583786920810072,0.2339108141604811,0.11660334432498061,0.3192351961042732,0.11096444079504544,0.29970255947409896,0.37425352516003074,0.9290842302143574,0.11706423435327985,29.378983557224274,5.657429961158208,4.60296106338501,1.7863599061246587,0.036139686388196424,0.005731666244248609,1287.5959024429321,350.287852709192,0.9255943149328232,0.12825919251669024,0.18860701494850218,0.042555465364638376,1.0,0.0,0.0,0.0,
reference,6,push_x_5,64,767,10.5,18.30407145060599,8.564774011270428,423.84375,98.23008603064187,0.3110904877539724,0.20866639672522092,0.2504249771591276,0.17527269592216294,0.3210560278967023,0.11195862242699965,0.3140709594008513,0.3861925134732295,0.9465827969834208,0.09819835723064217,34.25601479411125,8.195994525920913,5.872302412986755,2.3527747479572607,0.03818678969400935,0.006108005559587881,1305.7774448394775,430.4022123340509,0.9497703546658158,0.17694076510711115,0.19765122106764466,0.04814523611342554,1.0,0.0,0.0,0.0,
reference,7,nominal,64,3578,46.6,277.18857353925705,44.08766109520464,3474.234375,504.7572650070338,0.030495005805278197,0.022720752993703235,0.044984332722378895,0.010048590585123942,0.316983082331717,0.0398676641509907,0.1626787012355635,0.13915950589833517,0.667667387984693,0.022461293798951655,22.3073051571846,1.955602428150747,3.5218689292669296,0.5161041359969514,0.03961561166215688,0.0007738465838167588,954.1632900238037,78.11642680614483,0.6990618435665965,0.07416084996009849,0.14867454674094915,0.019838363988311472,1.0,0.0,0.0,0.0,
reference,7,payload_5kg,64,3578,48.4,236.0522681772709,34.156171826398484,3511.515625,395.500205373394,0.05404863954754546,0.039123816272127285,0.08504089881898835,0.018242344094585833,0.2756825643591583,0.03754049138899462,0.27402847307712364,0.2039940050244302,1.1992724798619747,0.03495438452718599,23.67159402370453,1.1711879449312783,2.6885589957237244,0.3836064271610381,0.06127193372230977,0.003915211841108529,694.7155265808105,75.04417418409085,0.9267106307670474,0.030455666395075097,0.13966060930397362,0.012967976927889462,1.0,0.0,0.0,0.0,
reference,7,payload_10kg,66,3578,53.9,13.587897863351937,29.23111455121772,3254.181818181818,863.6841286754517,0.7400812217683503,0.1747739112608312,0.0806557593274523,0.048302391165850604,0.16933330436145436,0.08781618215463248,0.6285779197615656,0.39577107710563714,0.7368625908186941,0.3905176361098864,26.00099942178437,1.6704996470371714,2.6064409107872932,0.5554517759415485,0.027951580571067152,0.014621032712043703,619.1494437708999,327.86298700351165,1.0186301578174939,0.02938160820672943,0.13460324682069547,0.02957434886005378,1.0,0.0,0.0,0.0,
reference,7,payload_15kg,65,3578,52.8,-19.108249445144946,22.767331176426193,3140.9538461538464,1100.8065428182822,0.9595505705246559,0.056401013495671386,0.04751092489235676,0.0529794617274401,0.15020595396367403,0.11434568605236331,0.6234731216211983,0.46177246647390224,0.3281009833400066,0.28490763138315883,24.546903933011567,1.9959675186448131,3.063812382404621,0.7569563662780324,0.015562699925011168,0.013010886559776584,438.3280598273644,853.5059460689266,0.991630599131951,0.050447637739282014,0.1596310127239961,0.03905302364911711,1.0,0.0,0.0,0.0,
reference,7,push_x_3,64,1551,20.6,36.17668380984105,21.84692762900873,725.78125,361.71713357570195,0.2737147491425276,0.1277507272595402,0.22042843769304454,0.09173682198937912,0.2961902755778283,0.09773655040275839,0.33024013090107474,0.3656828492056963,0.8973785303533077,0.09831706325667923,31.014980047941208,6.379383961724041,5.331807669252157,1.6621027335464043,0.04024082235991955,0.005157496997798293,1443.5143089294434,241.2759075208109,0.9635117398574948,0.1520532068616968,0.2062096472363919,0.04327729637460802,1.0,0.0,0.0,0.0,
reference,7,push_x_5,65,826,11.2,21.413661624835086,11.004397186964905,485.5230769230769,172.2612575867964,0.3425834494141432,0.2412126471246198,0.2353605245741514,0.17586574859509166,0.33278752588308774,0.11035221710620736,0.2619611038307015,0.3683240207714801,0.9690285691848168,0.1522230001256531,34.88660163879395,9.557873051532846,6.220457561199481,2.7533999102388935,0.04204309107019351,0.009649656175991821,1618.6512075570913,466.5762177255182,0.9910571281726543,0.23382616620845803,0.20686959681602624,0.061512122587588924,1.0,0.0,0.0,0.0,
reference,8,nominal,66,3578,47.8,278.7607334021366,59.51248015354722,3406.6060606060605,661.9616507318434,0.036953733979978344,0.04097328332291662,0.03462996364881595,0.0118949413629634,0.32379638787471887,0.040035974524510555,0.15750912608663467,0.13948690802226385,0.6998811246770801,0.03834468986766655,22.69463857014974,2.2341350003144442,4.288419864394448,0.7422728397667006,0.03535566148771481,0.001253983281517541,755.9527079264323,182.5922014350713,0.7187016913385103,0.05450769939206865,0.15226238108042514,0.013069104105209405,1.0,0.0,0.0,0.0,
reference,8,payload_5kg,64,3578,50.7,215.90699130296707,49.46286437009109,3490.6875,478.18147166245353,0.08917409187415615,0.12730482482960198,0.07048138463869691,0.01580838410535296,0.2565769259817898,0.04081762798435291,0.323400058574407,0.22484608103154333,1.3161207465454936,0.14081049082250732,24.315933346748352,1.4276883107171643,2.971535636112094,0.5094983612390754,0.06978924546274357,0.011873619959695613,694.433840751648,375.28090936945483,0.9578879047185183,0.031088322676492457,0.13803861569613218,0.020095021734853485,1.0,0.0,0.0,0.0,
reference,8,payload_10kg,64,3578,54.9,19.730172853916883,21.40449042651141,3463.234375,498.2559023197102,0.8145740020554513,0.15515053649121238,0.05215139158826787,0.04504458236119124,0.1534423469893227,0.09866312062351433,0.694880555569398,0.3605235877349128,0.5357769298134372,0.35199045485291724,25.74308255314827,1.532638847891858,2.5723143983632326,0.4896599627936526,0.020626051402359735,0.014028714916231337,476.8546997308731,462.89719216483036,1.0586393466219306,0.042486926348039585,0.136261370847933,0.024253431881630705,1.0,0.0,0.0,0.0,
reference,8,payload_15kg,65,3578,54.7,-6.914100999098558,20.195755361009308,3221.5846153846155,924.0495098394974,0.9549188247093787,0.04555832246167211,0.03690630508443484,0.03669916980756091,0.1412102422103859,0.11499646638304963,0.6308337272650812,0.4555126642308012,0.2899234458231009,0.23468685989102345,24.890637969970705,2.124514213354278,3.0311759636952327,0.719746660622048,0.011388289527251171,0.010332847789215767,315.65722315861626,314.1539985647173,1.0009936616970943,0.04710639535319985,0.14666945464335956,0.03196330929742521,1.0,0.0,0.0,0.0,
reference,8,push_x_3,64,1334,18.6,31.95631610788405,18.13079486334226,648.5,285.7663047883374,0.27704642224125564,0.17684934006150754,0.2256013088626787,0.0950487292528076,0.3091004369780421,0.1024379501006889,0.27913723002711777,0.34346160065949966,0.952569667249918,0.1047258750205522,29.947619378566742,6.498205246298375,5.016031224280596,1.7106104672708107,0.03610688305343501,0.004192134147995048,1347.6618642807007,385.5677287778449,0.923367265611887,0.14128436474197947,0.1954358145594597,0.039164500974199545,1.0,0.0,0.0,0.0,
reference,8,push_x_5,64,805,11.2,19.980763729661703,10.697092360564312,471.96875,157.42964856097387,0.353849146515131,0.2407570589790402,0.24885473726317286,0.15530454638497562,0.314200890250504,0.1134007545208089,0.30352682212833315,0.36837713053778476,1.0256316047161818,0.21790563778262095,35.836662501096725,10.125091909264258,6.40345586463809,2.746146798329689,0.03872369468444958,0.010555184479592548,1602.0,799.09180540804,0.9825178077444434,0.16858764051206312,0.2071775917429477,0.04246154119240343,1.0,0.0,0.0,0.0,
no_fatigue,1,nominal,64,3578,45.3,236.26792114973068,27.167545573393987,3535.1875,342.5,0.041091104911174625,0.028481915698574514,0.049966426100581884,0.012732419094801764,0.31071967422030866,0.04274250435030023,0.19852110480860574,0.17052469403390455,1.74647805839777,0.036934708621631285,30.36654993891716,5.182986142802418,2.9786105416715145,1.26388293061076,0.0702625444973819,0.0018616319960774673,24321.545928955078,224.06004882195774,0.0,0.0,0.0,0.0,1.0,0.0,0.0,0.0,
no_fatigue,1,payload_5kg,64,3578,48.5,251.9995982646942,14.665419271399793,3578.0,0.0,0.07726294064195827,0.03483428623831346,0.07029054692247882,0.014762548075867141,0.20293755270540714,0.03689217960441821,0.5547530021285638,0.22706654333454052,1.7142090387642384,0.06288641929397676,27.613352060317993,1.863357582808688,2.1974908765405416,0.4788081343740494,0.07044868270168081,0.0048761206312904395,13584.031219482422,741.2728193412797,0.0,0.0,0.0,0.0,1.0,0.0,0.0,0.0,
no_fatigue,1,payload_10kg,64,3578,52.4,130.4591052532196,7.712142781200687,3578.0,0.0,0.6692378600127995,0.20052033327394533,0.049938476618990535,0.02594087909472383,0.11536211980910593,0.06778607001234377,0.871187641256256,0.20408641978357162,0.9614453210961074,0.5185827188459136,28.124297827482224,1.12854135052786,2.4214533120393753,0.37129306195406586,0.031857137379120104,0.01941227021786341,5325.644111633301,2422.1908781627158,0.0,0.0,0.0,0.0,1.0,0.0,0.0,0.0,
no_fatigue,1,payload_15kg,64,3578,49.6,122.60957658290863,5.5604804783433055,3578.0,0.0,0.9640685431659222,0.02142541812197982,0.013999588612932712,0.006736872637346041,0.09749578850983198,0.11458775468283834,0.864969083089818,0.310494378569997,0.19976682774722576,0.0766250010292297,26.859185725450516,1.0009090661889528,2.3034459743648767,0.39250780862804935,0.006032519548170967,0.0031057206020673636,3040.4051241874695,1973.999720523242,0.0,0.0,0.0,0.0,1.0,0.0,0.0,0.0,
no_fatigue,1,push_x_3,64,2216,30.5,31.834552694112062,21.639640091653714,819.671875,409.3342661183532,0.31684444833081216,0.14243623437430725,0.23037766944617033,0.11829698375492585,0.3023708672262728,0.09438079578687283,0.29679813805705635,0.31158504046888197,2.0440245009958744,0.1276129679168057,36.234210193157196,6.622279378670672,4.4988711550831795,1.809702307813994,0.062174663587938994,0.004106040469946127,22744.550231933594,779.0238309715917,0.0,0.0,0.0,0.0,1.0,0.0,0.0,0.0,
no_fatigue,1,push_x_5,64,857,11.7,15.732664050534368,10.713110696738944,524.8125,179.35766121055613,0.4121716123772785,0.29178079891006237,0.32877023005858064,0.28997115358092407,0.3161714458838105,0.11054831768784404,0.3189637225550541,0.36776418587279996,2.072123808786273,0.11626760078841301,43.108641535043716,10.428087496503876,6.838299982249737,3.0209885707969018,0.06490078812930733,0.009058763150351676,22599.421783447266,1461.314990370857,0.0,0.0,0.0,0.0,1.0,0.0,0.0,0.0,
no_fatigue,2,nominal,64,3578,47.5,244.26100873947144,17.408651691684852,3557.34375,165.25,0.0375717967399396,0.01663098759919773,0.046255676017608494,0.006960742763329906,0.30931531824171543,0.03724717721295856,0.17446839647891466,0.14153426890959173,1.5824926998466253,0.03805005382510237,29.840089291334152,4.914609290946682,2.9527850225567818,1.1654633863234796,0.06536939751822501,0.0015239758758048207,28130.536682128906,329.3781338489802,0.0,0.0,0.0,0.0,1.0,0.0,0.0,0.0,
no_fatigue,2,payload_5kg,64,3578,50.1,258.6027853488922,15.48718273258067,3578.0,0.0,0.06919250916689634,0.04418505794888399,0.07237482140772045,0.011901966694981664,0.21160599950235337,0.04010626322622904,0.47964994405629113,0.2540499378870571,1.721689060330391,0.06231276326963575,27.35528188943863,0.8561129556153896,2.0861464627087116,0.2258882817906589,0.0722700972110033,0.006862561290912722,16941.496490478516,382.1316229605218,0.0,0.0,0.0,0.0,1.0,0.0,0.0,0.0,
no_fatigue,2,payload_10kg,64,3578,52.0,130.53480315208435,10.35720970698437,3578.0,0.0,0.6346610353793949,0.15048127181952617,0.05529170991212595,0.017038135591401788,0.09772730458280421,0.056437815798425245,0.9153070854954422,0.11496366823376834,1.0019980985671282,0.313994840354303,27.214568585157394,1.078968131714491,1.8797514606267214,0.2827409107163416,0.02897722843044903,0.012234025972367122,12090.26040649414,3233.5034360760733,0.0,0.0,0.0,0.0,1.0,0.0,0.0,0.0,
no_fatigue,2,payload_15kg,64,3578,48.4,123.65527963638306,7.4515338279096905,3578.0,0.0,0.9624108849093318,0.018196292130943936,0.013748666548053734,0.005493242680512038,0.09483896876190556,0.11719939698606936,0.8472959764330881,0.3111386360179514,0.2031772731570527,0.06858473612832695,25.98573797941208,0.9549790799419927,2.008396200835705,0.34287186718786306,0.005498257884028135,0.0018100477854807134,11869.747298240662,4599.638243132557,0.0,0.0,0.0,0.0,1.0,0.0,0.0,0.0,
no_fatigue,2,push_x_3,64,2535,34.1,37.8589258864522,25.915025395518317,971.15625,524.8774677491821,0.25862534949555993,0.1291366266099111,0.20655039756093174,0.08018824082290427,0.3219603458419442,0.08790941721365848,0.20566113750101067,0.261470749837554,1.961253134533763,0.14902705218709805,35.20893877744675,5.528533836270394,4.229811495169997,1.4604015502169128,0.05893111205659807,0.005447636058483711,25733.691955566406,1054.2865026232728,0.0,0.0,0.0,0.0,1.0,0.0,0.0,0.0,
no_fatigue,2,push_x_5,64,1082,14.8,15.999477241188288,10.286088176482348,528.0,189.81277325008685,0.3220840294379741,0.20159947279111937,0.29001630371203646,0.2011180612891915,0.31378189218230546,0.10911953531410393,0.336645674702595,0.3842286329773368,1.98475824855268,0.14431813082316536,40.18438747525215,10.806544343000503,5.898663865402341,2.9313045508181914,0.06363333878107369,0.007969813610502167,25426.941955566406,1101.6023552916338,0.0,0.0,0.0,0.0,1.0,0.0,0.0,0.0,
no_fatigue,3,nominal,64,3578,48.2,234.85522174835205,11.069452637224831,3578.0,0.0,0.04485368967289105,0.017487882237036918,0.04568869632203132,0.00757907357346311,0.30349921877495944,0.03382720219772605,0.16991423306171782,0.1465916661275358,1.7352754902094603,0.03510345878506302,33.033391416072845,5.2297804453244074,3.477677060291171,1.3770291272636026,0.07209771301131696,0.0025328148518820523,24567.25308227539,262.45549544180153,0.0,0.0,0.0,0.0,1.0,0.0,0.0,0.0,
no_fatigue,3,payload_5kg,64,3578,49.1,253.579039812088,23.051534992274547,3578.0,0.0,0.09283962746849284,0.11757268484010859,0.06147437993786298,0.011079003658772058,0.2004114764276892,0.040656820033974875,0.57569696608698,0.24274467990465934,1.6691935742273927,0.17983044845907314,27.521471560001373,0.8466168208583315,2.0808298029005527,0.23260040483127203,0.07584367820527405,0.010947306662723257,13559.398010253906,1030.3704410054545,0.0,0.0,0.0,0.0,1.0,0.0,0.0,0.0,
no_fatigue,3,payload_10kg,64,3578,50.2,123.1027044057846,7.424061125773007,3578.0,0.0,0.8780993409454823,0.10656621059324102,0.02582168095977977,0.016777443502824823,0.10134097125478547,0.09925976012536046,0.8440425864901044,0.3069354416594032,0.43447488895617425,0.2736251955307815,26.85046234726906,0.8926538049263647,2.002558583393693,0.28874374945653714,0.011816043035651091,0.009301542718688442,4196.251682758331,2804.546095300411,0.0,0.0,0.0,0.0,1.0,0.0,0.0,0.0,
no_fatigue,3,payload_15kg,64,3578,48.9,124.24109399318695,7.729930637345502,3578.0,0.0,0.9780958089977503,0.015877941821835443,0.010245014978863765,0.0065305831612241854,0.09360246314645337,0.117591357498744,0.8556412455181999,0.34050968282762994,0.14849530905485153,0.05351335730103694,26.168360978364944,0.8879102211881599,2.0803992990404367,0.35299012136930313,0.004134024324230268,0.0017456885196621215,3372.2656543254852,2993.418743952918,0.0,0.0,0.0,0.0,1.0,0.0,0.0,0.0,
no_fatigue,3,push_x_3,64,2238,31.1,33.618514188565314,24.961978524289663,845.234375,485.99323080358306,0.29262676974758506,0.1492559788894161,0.23519789468264207,0.1372474054576507,0.3105823718942702,0.10204842951146648,0.2987249759680708,0.3555104980950826,2.059171875938773,0.11530514326468942,36.953522115945816,6.736900331069322,4.7706941943615675,1.8833762203917965,0.06503369699930772,0.007176831294444497,23176.819274902344,763.5625243896034,0.0,0.0,0.0,0.0,1.0,0.0,0.0,0.0,
no_fatigue,3,push_x_5,64,1081,15.1,15.838540598750114,11.497351084271633,525.953125,194.23348980417342,0.3542130885180086,0.2212325545052192,0.31313398049678653,0.239896248377248,0.31262682378292084,0.11229265412759917,0.33545965485973284,0.37343311411345975,2.083850657567382,0.13610087346062183,41.28856045007706,9.567213828614625,6.230667345225811,2.7434001609039442,0.06700442364672199,0.008715402376605903,22805.654205322266,1005.2935525057553,0.0,0.0,0.0,0.0,1.0,0.0,0.0,0.0,
no_fatigue,4,nominal,64,3578,46.5,243.07322645187378,18.640372784090932,3559.03125,151.75,0.04290358812431805,0.020038744833965224,0.04346807926776819,0.01040395814107784,0.299160075141117,0.03609837077320812,0.18607914770836942,0.15431361936077875,1.5774445608258247,0.05122598622628157,29.797635346651077,3.394701489626503,2.7335027512162924,0.7958331489287233,0.057735025126021355,0.001514277512513251,29714.13998413086,620.1838174398434,0.0,0.0,0.0,0.0,1.0,0.0,0.0,0.0,
no_fatigue,4,payload_5kg,64,3578,51.2,254.8106861114502,21.182872013009217,3578.0,0.0,0.08421979486593045,0.09544448510615608,0.05887545767473057,0.011230867597236186,0.21493310295045376,0.040515289259291314,0.5139218849362805,0.2362250690159729,1.700456628575921,0.12256612020152705,27.25837606191635,1.582627136813794,2.228129116818309,0.39536041190728893,0.06802154172328301,0.007264876846232267,15858.865127563477,981.0265823431154,0.0,0.0,0.0,0.0,1.0,0.0,0.0,0.0,
no_fatigue,4,payload_10kg,64,3578,52.0,125.35441768169403,8.807777109952855,3578.0,0.0,0.6485590245574713,0.13303107204475365,0.05380125573719852,0.018613227751339795,0.10608919565856922,0.058017137621566316,0.9038874702528119,0.16262184759178624,0.992376146838069,0.32116474127890726,27.67275995016098,1.032479031493842,2.0355745665729046,0.3189327463976663,0.024860810124664567,0.009867912133956179,7764.065744400024,2226.9273208133227,0.0,0.0,0.0,0.0,1.0,0.0,0.0,0.0,
no_fatigue,4,payload_15kg,64,3578,50.8,117.33681607246399,10.116121347828868,3578.0,0.0,0.9266209369525313,0.05251382208759332,0.020891953026875854,0.01213607841716435,0.09030813649042102,0.11489547853958967,0.8658992441578448,0.29948740089506465,0.3102372233988717,0.15798291002841705,26.002194672822952,1.0271942076270828,1.8171347975730896,0.367032305491045,0.007189687818026869,0.004467791272816898,7228.313678264618,3428.686887279898,0.0,0.0,0.0,0.0,1.0,0.0,0.0,0.0,
no_fatigue,4,push_x_3,64,1965,27.7,39.73199205903802,22.298984313199213,976.3125,412.43823491408705,0.26353559782728553,0.1264383763775701,0.17927335703279823,0.08684906266672646,0.29248532792553306,0.08777807632782891,0.3245130163086287,0.3161443478878879,1.9550154767930508,0.15038203397002012,37.61633542180061,6.186211619242744,4.825943149626255,1.717839980447033,0.05345837993081659,0.00490212102409687,26474.95654296875,1229.5962638694984,0.0,0.0,0.0,0.0,1.0,0.0,0.0,0.0,
no_fatigue,4,push_x_5,64,1101,15.0,17.170000860467553,12.99491973326424,552.21875,212.93537798687353,0.3985068699112162,0.2742572849865777,0.25571684911847115,0.1920799497721589,0.3061129371635616,0.11294143371863753,0.38881503463198896,0.4074260525099781,1.9523041602224112,0.1655977500006588,41.70620250701904,10.503505481716099,6.253972873091698,2.986091118519997,0.058108999219257385,0.008372877004997045,26379.339782714844,1354.1942497661173,0.0,0.0,0.0,0.0,1.0,0.0,0.0,0.0,
no_fatigue,5,nominal,64,3578,46.5,241.1884400844574,17.312026001591367,3559.109375,151.125,0.04458377760602161,0.020508562799345004,0.04453840816859156,0.00694308326972023,0.3090543430298567,0.03695636250976939,0.175922929056469,0.1611841551132697,1.6478647384792566,0.051518060967420336,28.812825620174408,4.017187410949079,2.4302241057157516,0.8899412655647239,0.06611708970740438,0.0014491037206427013,27944.132293701172,406.0504168176705,0.0,0.0,0.0,0.0,1.0,0.0,0.0,0.0,
no_fatigue,5,payload_5kg,64,3578,49.0,256.58555483818054,20.474438313993517,3578.0,0.0,0.08829424605937675,0.08481849077994294,0.05469397993874736,0.009798186670748716,0.22366761486046016,0.03652809573776424,0.43931229359441204,0.24082063097364698,1.6549986712634563,0.10336169419718852,26.88308671116829,0.7672665485993804,1.927325351163745,0.22060573558326416,0.06697631219867617,0.007527990241827869,19268.44856262207,1140.7478913642874,0.0,0.0,0.0,0.0,1.0,0.0,0.0,0.0,
no_fatigue,5,payload_10kg,64,3578,52.3,133.98297369480133,12.877280371511596,3578.0,0.0,0.5373222033958882,0.20007071698242637,0.07026095522451214,0.024579622162061044,0.0954604602920881,0.054987314830016745,0.9220322128385305,0.08797054416105779,1.273438947275281,0.452452289718935,27.945112884044647,0.6733293937935948,2.078026494011283,0.2431244211897175,0.037427938856126275,0.016392302807207906,8581.525631904602,2738.2554809023177,0.0,0.0,0.0,0.0,1.0,0.0,0.0,0.0,
no_fatigue,5,payload_15kg,64,3578,52.2,114.433385014534,10.510045342446011,3578.0,0.0,0.8674088791012764,0.09156755240476644,0.036754805470991414,0.020080399251856885,0.09246510622051574,0.09779977850261957,0.8845680205486133,0.2415726100340315,0.5285844216123223,0.27911926514800295,26.75664222240448,0.9327516321907656,1.8693055603653193,0.3107300248221963,0.013966569964395603,0.008642981559945669,8147.865549087524,4843.806738982858,0.0,0.0,0.0,0.0,1.0,0.0,0.0,0.0,
no_fatigue,5,push_x_3,64,2968,41.1,51.1752002350986,37.75202125489306,1222.203125,748.7086910922455,0.2717470097122714,0.15896020390499885,0.20477492199279368,0.07918065206864801,0.3041648087091744,0.09141343964813492,0.29460026256128913,0.32393402448017466,2.0596157163381577,0.1642138138261595,37.51213073730469,6.9221318859281205,4.733018796890974,1.8299319708451023,0.062420557835139334,0.005583862040990785,25971.23797607422,891.5452638784759,0.0,0.0,0.0,0.0,1.0,0.0,0.0,0.0,
no_fatigue,5,push_x_5,64,1192,16.6,18.760925989598036,12.394019225362548,606.515625,255.99069875138474,0.3826332128373906,0.25290183340606254,0.29256172687746584,0.18333377849121082,0.30911448528058827,0.10699813452303612,0.3454363067430677,0.37498335343135497,2.065421039238572,0.16889164135933538,44.14543208479881,10.242001577263936,6.96836575679481,2.931938034598869,0.06589811196317896,0.0070898313118013204,25402.62713623047,1220.2019091102309,0.0,0.0,0.0,0.0,1.0,0.0,0.0,0.0,
no_fatigue,6,nominal,64,3578,46.7,231.47671473026276,24.562866097834387,3538.046875,319.625,0.045953451364766806,0.015931783607639045,0.047436607914278284,0.006957162608483293,0.32057170243933797,0.041551698440210505,0.16452580400073202,0.1520149895794748,1.8042874727398157,0.03963590456899413,28.893731504678726,3.9173099555031157,2.4960907232016325,0.9227390292784021,0.0658871871419251,0.0010068540812350375,29686.05731201172,496.918271405126,0.0,0.0,0.0,0.0,1.0,0.0,0.0,0.0,
no_fatigue,6,payload_5kg,64,3578,48.8,260.3437807559967,19.122849857072598,3578.0,0.0,0.07428068446461111,0.06135582951085703,0.06162159191444516,0.013062151415573741,0.22474262258037925,0.045400700208242,0.44764008940546773,0.26130913477877193,1.7600732930004597,0.06320711568613702,27.73206275701523,0.7694149937674689,1.7813609540462494,0.2549086094078793,0.06530183996073902,0.006857386726688267,18079.723556518555,1678.6796007662415,0.0,0.0,0.0,0.0,1.0,0.0,0.0,0.0,
no_fatigue,6,payload_10kg,64,3578,50.5,129.15345013141632,9.128880831382105,3578.0,0.0,0.6696067210286856,0.1972545773831879,0.047573090480000246,0.023225127006959972,0.1230015107721556,0.0615349811299887,0.8427499694807921,0.2637164981517606,0.9177163598360494,0.4559204065916278,27.445767045021057,1.030443576345111,1.8809110838919878,0.2787120126343983,0.024570506935560843,0.01494127041921848,5973.345868110657,2789.084335861111,0.0,0.0,0.0,0.0,1.0,0.0,0.0,0.0,
no_fatigue,6,payload_15kg,64,3578,50.9,120.98062825202942,9.408316503176197,3578.0,0.0,0.9281875193119049,0.06666794101381246,0.019744594072108157,0.012341580444543648,0.09463591670555616,0.10786349106163419,0.881432539463276,0.273470921414812,0.32090692908968776,0.2027176971672888,25.91149154305458,0.9968558902341851,1.7518938314169645,0.3500387439712431,0.008769201471295673,0.0068315837364773145,3187.8319993019104,2375.284246652409,0.0,0.0,0.0,0.0,1.0,0.0,0.0,0.0,
no_fatigue,6,push_x_3,64,1553,21.6,28.18223098665476,18.274116536080015,737.59375,360.9131152863723,0.2912572077475488,0.1575276209929297,0.20814019173849374,0.0862073211251178,0.3129805305507034,0.10599373197850086,0.2984446797599958,0.3571657639100578,2.0857477355748415,0.11131531562180483,35.82440772652626,6.7505859091873655,4.343463828787208,1.8672052951574922,0.05962163460208103,0.004788387850139183,27114.440704345703,980.416726018569,0.0,0.0,0.0,0.0,1.0,0.0,0.0,0.0,
no_fatigue,6,push_x_5,65,1104,15.7,15.404100494201368,10.132762290212177,491.66153846153844,166.41601456544424,0.33961202123990425,0.2175739258108352,0.2689526128081175,0.16702299647960614,0.3187018206486335,0.1124379522931818,0.3169144088617311,0.36208801048566186,2.1200870238817657,0.1460620084095964,40.679878616333006,9.358683386631688,5.99646782875061,2.6605397898428955,0.06235128394686259,0.006787453916349411,26719.048467548077,1518.6821664056888,0.0,0.0,0.0,0.0,1.0,0.0,0.0,0.0,
no_fatigue,7,nominal,64,3578,55.4,231.56955337524414,26.030940371788137,3538.3125,317.5,0.03953182708937675,0.02666977966390271,0.04680829722201452,0.009440783793569855,0.30856724944896996,0.03559621887823522,0.1716784858435858,0.15023390718950647,1.7396823205053806,0.03658904915578238,29.25141802430153,3.2831733152772755,2.792190730571747,0.730052853748856,0.06997290614526719,0.0016118519282879021,22056.102172851562,144.47955299032685,0.0,0.0,0.0,0.0,1.0,0.0,0.0,0.0,
no_fatigue,7,payload_5kg,64,3578,56.7,251.9677107334137,16.556802814871247,3578.0,0.0,0.0817518646363169,0.04785983729401914,0.06195099704200402,0.00857689987198375,0.21626850310713053,0.03872418858701531,0.4770734326011734,0.248851361592023,1.7979499530047178,0.05933819945026448,28.143831580877304,1.0806027231445323,2.5180980041623116,0.37146339124164696,0.06859120388980955,0.00418420731797942,12925.470199584961,489.2977613960049,0.0,0.0,0.0,0.0,1.0,0.0,0.0,0.0,
no_fatigue,7,payload_10kg,64,3578,52.1,114.9868791103363,12.679677567300333,3578.0,0.0,0.8050422854721546,0.1260764432193686,0.0448732013865083,0.024261374535195144,0.10736096894470393,0.08848510214544814,0.8422040926257068,0.27444633664493573,0.6576277925632894,0.34469275833187807,27.823462545871735,0.8344869272498335,2.52577318623662,0.29152277503635554,0.021205315701081418,0.012460478201525736,5811.979126930237,2759.5441562129454,0.0,0.0,0.0,0.0,1.0,0.0,0.0,0.0,
no_fatigue,7,payload_15kg,64,3578,50.1,125.02142083644867,14.238183063013047,3578.0,0.0,0.9792080093175173,0.01318383664208413,0.011851621980895288,0.006881048301627873,0.09766412587123341,0.11448039308272999,0.8468549111639732,0.3336439808311859,0.15638874389696866,0.06814249984065426,26.16189008951187,1.2809110590071766,2.1186012625694275,0.45226254800634574,0.00433039283961989,0.002017028442325064,3514.369164466858,1945.5187197634593,0.0,0.0,0.0,0.0,1.0,0.0,0.0,0.0,
no_fatigue,7,push_x_3,64,2030,28.7,35.227634916082025,23.754599999052655,929.734375,488.0793339815983,0.30973142641596496,0.15922568222334396,0.23230059316847473,0.09776463565789409,0.32167037739418447,0.09314233037515172,0.22224023088347167,0.30241822088774817,2.0201230067759752,0.09998688055117447,36.89895975589752,7.699261607331016,4.644088592380285,2.051360263593882,0.0617067608400248,0.005250340849326494,21499.816162109375,554.9177700726256,0.0,0.0,0.0,0.0,1.0,0.0,0.0,0.0,
no_fatigue,7,push_x_5,64,1095,15.3,17.72082632454112,13.41820150707467,566.640625,218.5201575960297,0.3711044901283458,0.2504346329023555,0.2744574683601968,0.19292555769272088,0.3052355938125402,0.11048008912493393,0.363274635761627,0.39102714598017496,2.056557275354862,0.13098169275480037,41.00118151307106,10.115798485712777,6.161760391667485,2.7585125285989,0.0664981427253224,0.007951414450822866,21453.167846679688,638.4738535770958,0.0,0.0,0.0,0.0,1.0,0.0,0.0,0.0,
no_fatigue,8,nominal,64,3578,49.7,229.1987988948822,29.731154201353053,3542.390625,277.23382012630674,0.05382884890423156,0.05890298815306379,0.04642510676058009,0.009863973851337016,0.30673889396712184,0.03798750530232248,0.1957392879849067,0.1763306348631197,1.6643081586807966,0.054423392528944826,30.832661896944046,4.024838121792545,2.802196189761162,0.9692862168462407,0.05638635539798997,0.004133241590053276,29566.76742553711,802.9214554667411,0.0,0.0,0.0,0.0,1.0,0.0,0.0,0.0,
no_fatigue,8,payload_5kg,64,3578,50.9,249.3936948776245,16.99540934895916,3578.0,0.0,0.08089658015524037,0.05638774162491741,0.06010173584218137,0.011398201583707109,0.1939984530908987,0.04170520732916843,0.5943701076466823,0.2432799286615444,1.8431037459522486,0.09225394518166524,27.582746982574463,0.6541182083120138,1.9972197841852903,0.26047996103348103,0.057151485001668334,0.007708747587158736,15804.114974975586,659.6400960394086,0.0,0.0,0.0,0.0,1.0,0.0,0.0,0.0,
no_fatigue,8,payload_10kg,64,3578,53.0,113.77278077602386,8.418857321834007,3578.0,0.0,0.6162194735370576,0.1078228692277076,0.06601709121605381,0.00973468607348917,0.10214798468223307,0.04933067481845708,0.9110318254679441,0.11283068106960124,1.256263393908739,0.18341797569046428,27.652341783046722,0.7692027563809132,1.793053112924099,0.27492640723035866,0.025643076573032886,0.005977858098356432,11418.027465820312,946.8365676415053,0.0,0.0,0.0,0.0,1.0,0.0,0.0,0.0,
no_fatigue,8,payload_15kg,64,3578,52.7,104.74572205543518,9.053809936787525,3578.0,0.0,0.8593265572562814,0.07931671095886764,0.0439639436226571,0.01686669229636497,0.09414718278276268,0.10139554961014699,0.8546019057830563,0.25297488221301667,0.6942023129668087,0.2789155977232504,26.29190993309021,0.6703517006850697,1.613452846184373,0.24221014774275199,0.01989154198236065,0.011440090536283013,10310.164512634277,1963.9432465458372,0.0,0.0,0.0,0.0,1.0,0.0,0.0,0.0,
no_fatigue,8,push_x_3,64,2295,31.5,33.969775557518005,26.97102714307156,912.921875,516.6902085170387,0.2788097520824522,0.11281857710101957,0.20697223127353936,0.07686814392438526,0.30891795293428004,0.09068051522887431,0.26133185339858755,0.318110161939611,1.9737444147467613,0.12245181747596211,34.83233469724655,6.074354181637745,3.907334079965949,1.525244450931591,0.05256934463977814,0.004913659523450146,27466.4833984375,725.2817233434663,0.0,0.0,0.0,0.0,1.0,0.0,0.0,0.0,
no_fatigue,8,push_x_5,64,918,12.9,15.294242262840271,9.557375209162652,493.734375,175.15691307061954,0.3706657779403031,0.24804162741387872,0.2522940734634176,0.15426262864211843,0.3103781407698989,0.12493685000894088,0.3788926752458792,0.41064167881184804,1.988806203007698,0.14560998464169092,38.12430340051651,7.179598830354007,5.403373301029205,2.179881386557834,0.057267553464043885,0.007936201299595493,27425.064239501953,1090.143604319592,0.0,0.0,0.0,0.0,1.0,0.0,0.0,0.0,
no_hill,1,nominal,64,3578,49.0,270.568457365036,21.17946773819259,3547.65625,170.98651378639602,0.027790286898380145,0.020870667281266,0.06276181479915977,0.00970847029637256,0.3241875097155571,0.03015934620754882,0.09113302551850211,0.09821496095574178,0.9763005310669541,0.028780626860510663,19.708702951669693,0.11594591276014765,3.9190062899142504,0.5811865273840109,0.067130908370018,0.000699888077573351,976.35289478302,92.90281254885977,0.7197108566761017,0.04291933054130005,0.18791420967318118,0.010136710079541287,1.0,0.0,0.0,0.0,
no_hill,1,payload_5kg,64,3578,52.1,185.37736004590988,41.71971298638258,3378.21875,553.7126774480305,0.10784264624817297,0.06060158079595627,0.08509430655976757,0.02166482133965347,0.28630865295417607,0.039279532462205,0.21950367785757408,0.16489699610805547,1.7742131054401398,0.056664329910665355,19.903002232313156,0.08068745575099298,2.427563562989235,0.47810233982648676,0.11144789750687778,0.005623527828134941,727.825080871582,96.09585409392557,0.8514681477099657,0.020230431744180787,0.16172759281471372,0.017715223764207193,1.0,0.0,0.0,0.0,
no_hill,1,payload_10kg,64,1496,23.7,2.8325480895582587,6.812371642574968,650.046875,334.435578995441,0.540987981017679,0.12832885906865812,0.2088602789444849,0.051747122185977885,0.21951485378667712,0.11286307535602697,0.5341801050453796,0.47458544546475606,1.8481163680553436,0.2225324274681402,20.007937133312225,0.025524010031645856,1.5710119465366006,0.5555750672214208,0.09298313152976334,0.017230004431492092,1081.2142448425293,234.52243812174945,0.885322941467166,0.007137749736997392,0.13349297479726374,0.026352808912647258,1.0,0.0,0.0,0.0,
no_hill,1,payload_15kg,95,3578,56.7,1.968551775028831,18.464691256819158,1628.178947368421,1448.5993894246378,0.8494741286102094,0.14175432172554733,0.13147623789570245,0.09105662223828916,0.19743725422181582,0.1180496326857693,0.47594095069339104,0.48919494046090517,1.0097947424571765,0.6245151648908441,20.005559198479904,0.025167769427990132,1.6682186832553463,0.7752467829712397,0.05261749702652818,0.03462337695436986,810.659788874576,632.5472088755308,0.8926315671519229,0.00532355009165501,0.13863219336459512,0.03430049638855026,1.0,0.0,0.0,0.0,
no_hill,1,push_x_3,64,1273,18.1,30.542134769260883,16.04072618758597,622.484375,271.6006050082971,0.26395843061618507,0.13288587420664397,0.21175200713332742,0.08558465556623665,0.3280696759466082,0.10842660475876564,0.2338656698120758,0.31726248704719395,1.2222334435209632,0.12851892158973446,19.93789964914322,0.12205949672303051,1.969471056945622,0.7299723121154303,0.06414479843806475,0.007246643198167585,1450.9888343811035,201.19679787338268,0.8175682313740253,0.046614549997284545,0.16231111367233098,0.0298619994288909,1.0,0.0,0.0,0.0,
no_hill,1,push_x_5,64,769,10.2,20.087923489511013,8.63575283860101,443.90625,123.0540878302953,0.2915783607168123,0.19703883146237308,0.2267971122637391,0.14439930934699233,0.34063182724639773,0.10774060853770578,0.23064834674005397,0.3249954760800498,1.2428543576970696,0.11888601094930201,19.974457889795303,0.08593005230914087,2.0573795032687485,0.7912639237360335,0.06629225262440741,0.006654388848980459,1426.3772926330566,201.80732099928423,0.8119228901341558,0.06856005071587748,0.17099778761621565,0.029075467496247478,1.0,0.0,0.0,0.0,
no_hill,2,nominal,64,3578,46.4,290.38528656959534,43.024314476899875,3494.078125,471.1586631519103,0.027941083069890738,0.025089974854470197,0.0455567134777084,0.00847366516565743,0.3062104838900268,0.043977089764324136,0.21102617607539287,0.18095577840557006,0.4785730210132897,0.0556136894987032,19.579695910215378,0.10622028301641695,3.3693701177835464,0.4797224007563843,0.024800408660667017,0.001558716412398464,629.288893699646,114.67573279856961,0.7555465623736382,0.027085054643189044,0.16678021615371108,0.014920399334885776,1.0,0.0,0.0,0.0,
no_hill,2,payload_5kg,64,3578,50.5,203.93867526948452,60.01626544791839,3272.28125,759.3737492641081,0.09262025993666612,0.08335606265399215,0.08960556500824168,0.01896191557844686,0.2463680428918451,0.04255277054887867,0.37038240041692916,0.2598655361598999,1.0789164490997791,0.10415971484786583,19.90562278032303,0.10078787394767877,1.5173966698348522,0.43247971816582476,0.05221729469485581,0.003885301730280402,684.392430305481,114.64397228256817,0.870982768945396,0.015128271826687427,0.11817763734143227,0.01831559737607125,1.0,0.0,0.0,0.0,
no_hill,2,payload_10kg,65,3578,57.1,15.644826038067157,36.69998522677134,3224.2,867.0575636888244,0.6809552988180747,0.21076825668890262,0.09446913342063244,0.0534539420652239,0.16553194792941212,0.07909925353761761,0.6781577911514503,0.33771907647006894,0.9223205408224693,0.4558644233480119,20.015760451096753,0.02074375364907144,1.0897344492948973,0.48158106723718896,0.045552860286373356,0.02346257887169992,605.1858932495118,282.0481434880817,0.896864902973175,0.002939337457928579,0.09650864755878082,0.02596524787552018,1.0,0.0,0.0,0.0,
no_hill,2,payload_15kg,64,3578,55.3,-10.587981222197413,20.027548817707427,3153.34375,1041.463412074796,0.9677197840064764,0.03162793537214511,0.03833405310433591,0.050228373443489814,0.1331356662312828,0.12046640886480475,0.6284395831403344,0.45867585414073686,0.28245324417366646,0.2917913235278095,19.991093397140503,0.041098861754833745,2.2321781213395298,1.0978431502564021,0.01537431194446981,0.01818340072707393,224.39541253447533,238.33120425431372,0.895826299674809,0.003581659583566852,0.14919140771962702,0.049310621845529215,1.0,0.0,0.0,0.0,
no_hill,2,push_x_3,64,1516,21.5,40.071465173736215,23.334396445708663,737.578125,347.8964361811424,0.27171605493640527,0.15010882763784394,0.22181617456953973,0.09594191375245763,0.2990698734065518,0.10389229861287397,0.3363889903121162,0.400937985744466,0.8732855683192611,0.240573105570862,19.81512552499771,0.17561295673296076,1.9501172583550215,0.7454179787343589,0.03796599150518887,0.0126364337123893,1303.7192850112915,433.66569856629303,0.8155266204848886,0.03972701555545568,0.16007164807524532,0.029837637734871202,1.0,0.0,0.0,0.0,
no_hill,2,push_x_5,64,1076,15.3,23.083009612513706,14.180571903330568,532.5625,197.1611117037383,0.3989590766141191,0.34439725904462537,0.3045602615457028,0.20872169113971417,0.31423487584106624,0.11338338068731652,0.3319781208938366,0.38814326847472863,0.9511132063344121,0.2295932614247019,19.922864854335785,0.1687039261852898,1.7309556507971138,0.9309723083828213,0.03923894406761974,0.010133798092903537,1393.66197681427,444.1324163508628,0.8204521853476763,0.051491797621457565,0.15675880969502032,0.03864103986091219,1.0,0.0,0.0,0.0,
no_hill,3,nominal,64,3578,48.1,287.55544942617416,33.04436385625225,3526.875,348.6663707546773,0.03934363287407905,0.03327255219754349,0.044581413007108495,0.011750427100189522,0.30729418457485735,0.035958334365629153,0.16203513344953535,0.15620739913983975,0.5833202116191387,0.044108124873851615,19.778572887182236,0.10927820922426729,3.4159899093210697,0.5824127022916933,0.02999527147039771,0.0011382329626515551,763.4919548034668,82.32028298823157,0.7440875684842467,0.03752356387974518,0.165323952678591,0.00971476570737397,1.0,0.0,0.0,0.0,
no_hill,3,payload_5kg,64,4308,60.8,222.58908140659332,36.699538173450286,3547.6875,261.1860539192412,0.08054232370341197,0.10970092261452158,0.07591782309464179,0.019137875235490587,0.2518170929979533,0.04147934571338552,0.3430613325417653,0.24332113702031913,1.2917721425183117,0.1271100839150733,19.93844684958458,0.06299741696742077,1.7581281810998917,0.4892446997675743,0.07053737717797048,0.0073019721026236885,707.6505770683289,94.5648581225209,0.8696744916960597,0.01609888627339131,0.12580975226592273,0.018615996045636154,0.984375,0.125,0.015625,0.125,
no_hill,3,payload_10kg,68,3578,57.3,15.366152919390622,25.764491808284152,3098.779411764706,1042.3185671332415,0.7112438030102674,0.1918535007188355,0.09784333884496899,0.06534676759601794,0.1762299051590483,0.08406244515658834,0.6533702394432005,0.3654426146272407,1.0842216370955986,0.5087053905677769,20.020943333120908,0.015730605552852547,0.7502989444662543,0.5148465119807494,0.054696485222152924,0.02951900710240794,833.3808874242446,575.7350147162388,0.8973513280644136,0.003183602502051317,0.090890329605078,0.028021882143251492,1.0,0.0,0.0,0.0,
no_hill,3,payload_15kg,65,3578,56.9,-9.75977307833158,27.26599068699643,3124.353846153846,1023.5306302019195,0.955555340876946,0.054769718678207464,0.05545713606362159,0.06039595621546233,0.16671449394489174,0.11221268560941705,0.5460243809421976,0.47638195645521564,0.5008176155961477,0.435542034871714,20.011970373300407,0.01756303208528368,1.2875272993858045,0.6818660113086925,0.026203427718092615,0.0250152469592023,466.45615926889275,456.37057728658755,0.8965579353846036,0.004635290802426376,0.11554528526388681,0.03488007738850485,1.0,0.0,0.0,0.0,
no_hill,3,push_x_3,64,1572,24.3,41.109205797314644,22.25572320372275,780.484375,341.45923980820436,0.28403001878177747,0.1237948137845361,0.23014548630453646,0.10244309042560366,0.30470889527350664,0.09599176994177465,0.2914761659267242,0.34227701271868577,0.8472115397453308,0.12915170091206707,19.88164958357811,0.10563964580758022,2.2705761631950736,0.6662977325190891,0.03698014412657358,0.0051960907681454635,1235.7845726013184,283.22881698354854,0.8217653380706906,0.04887496527921139,0.1713734450750053,0.024400727613480645,1.0,0.0,0.0,0.0,
no_hill,3,push_x_5,64,812,11.5,21.260784028097987,10.265454472324077,453.21875,150.01285328528903,0.3474047147901729,0.25188500874635544,0.2507648994214833,0.19678163498012868,0.3165454245172441,0.11439573017730228,0.32654177499534853,0.3981589876916604,0.9514130270108581,0.2612704678674683,19.94371834397316,0.09330775973620334,2.0291395662352443,0.7658403904520372,0.03838368572178297,0.011763954008092775,1394.662938117981,475.24720675381315,0.7997099868953228,0.05527542357117338,0.1631156145595014,0.028286810445636353,1.0,0.0,0.0,0.0,
no_hill,4,nominal,64,3578,48.0,290.6968483924866,30.53957312008205,3565.46875,100.25,0.04041019279975444,0.0664861801856904,0.041327863291371614,0.01017412885495731,0.3069697245955467,0.03691993418976263,0.17288738694696804,0.15779560448191937,0.5231326408684254,0.07276010295651855,19.048276603221893,0.33727832821955844,3.3707157894968987,0.684157975276523,0.030640380311524495,0.002145158631616051,673.630877494812,185.5860635399693,0.7203918248414993,0.04482398787570823,0.1756856224965304,0.014228906308903144,1.0,0.0,0.0,0.0,
no_hill,4,payload_5kg,64,3578,49.1,230.24841326475143,38.4757619927053,3473.75,419.3370429088701,0.06073934389860369,0.05246648615309366,0.06905675336020067,0.01739865490628718,0.2585383194964379,0.04047757931869143,0.3402454398928967,0.23235712626641405,1.2398714292794466,0.047474751535737526,19.79683429002762,0.19422830536809368,1.671876898035407,0.35224836491228245,0.06854711234336719,0.004082520549608908,624.338855266571,63.25839060479752,0.8638149797916412,0.018803228951725006,0.12085863179527223,0.01548435540656384,1.0,0.0,0.0,0.0,
no_hill,4,payload_10kg,74,3578,54.3,11.22040266120756,22.5095223705138,2755.6216216216217,1155.7048338947732,0.6451197810269691,0.16283416318697783,0.12524964844153538,0.05844180407978368,0.1908196337722443,0.07971585055610551,0.5816433780096673,0.3681203562819436,1.2356662218635146,0.3539203579124433,20.019354278976852,0.01389664420265096,0.9370761888252722,0.427034638353848,0.05602099560201168,0.019190877250991934,780.3439804283348,250.2036580289551,0.897814565413707,0.0018854340617145185,0.09474568743560766,0.02796529822696854,1.0,0.0,0.0,0.0,
no_hill,4,payload_15kg,65,3578,52.4,-7.529896205892929,16.827421577190982,3324.107692307692,819.0071184648848,0.9775393541042622,0.020957226436862594,0.029151641412709768,0.038633777398560436,0.13752753782117416,0.11927107386184113,0.6299765455608185,0.45708238800515916,0.2266321076796605,0.2548000997756212,19.979214624258187,0.08728549833948604,2.2281053038743828,1.1840418627238247,0.011632495679749319,0.015449595793119844,158.54625594799336,179.29370654911995,0.8953104129204383,0.00539406664130354,0.15733381796341675,0.051923779728309576,1.0,0.0,0.0,0.0,
no_hill,4,push_x_3,64,1517,20.8,38.36625827848911,22.519231371852612,718.921875,365.24539716307106,0.2984323130804114,0.19829973288068906,0.20663119084201753,0.10013474781941713,0.3271110386122018,0.10322097241886549,0.24943204931605578,0.35868718600932614,0.8443762147799134,0.14060987049629273,19.78246459364891,0.27527610595185453,2.3047826010733843,0.7010111510289163,0.040305516915395856,0.005798924733162901,1049.7704105377197,188.89440245171255,0.8234463334083557,0.04585528588091469,0.17032243649009615,0.025016473295793033,1.0,0.0,0.0,0.0,
no_hill,4,push_x_5,64,783,11.6,23.201735094189644,7.624415303590951,447.390625,135.35873760944366,0.33493209385778755,0.22468075739238716,0.20573419297579676,0.10397147668994845,0.3258962156251073,0.11359402801617156,0.28313331158278743,0.3905620809093473,0.884480606764555,0.14470131864626654,19.86491259932518,0.2550503007263478,2.405802090652287,0.7761498668546016,0.03986359518603422,0.0058253082273836245,1064.599455833435,191.56815425282343,0.8052142402157187,0.061204710704073066,0.172778649488464,0.026825489834061352,1.0,0.0,0.0,0.0,
no_hill,5,nominal,64,3578,49.3,242.07179498672485,9.51091406859969,3578.0,0.0,0.042540018330328166,0.013029912323964726,0.06554673879873008,0.01421836850663934,0.3575404663570225,0.03515533421738571,0.033136528538307175,0.043035039041784615,1.1255981642752886,0.019168314217225188,19.46430030465126,0.19484909302148135,3.5166876055300236,0.4260996156113013,0.07264878950081766,0.0013664071173163984,936.297908782959,67.661179569621,0.753639368340373,0.03990598999278674,0.18341076304204762,0.009455889933522917,1.0,0.0,0.0,0.0,
no_hill,5,payload_5kg,64,3578,51.7,189.18427616357803,40.10748358435486,3498.71875,371.49669266189994,0.09919991850620136,0.13750275152616256,0.09506077316473238,0.03213087194221543,0.29745830059982836,0.044396620082557806,0.2028283716158512,0.1738708735923135,1.7507986715063453,0.23733935282234678,19.84273961186409,0.1393579541835443,2.9555497150868177,0.5874113528009631,0.10636188622447662,0.015318540519453526,752.0500388145447,106.24642563466087,0.8696599146351218,0.01880770042612792,0.18983527994714677,0.019483905760146657,1.0,0.0,0.0,0.0,
no_hill,5,payload_10kg,64,2915,45.7,-0.02070105675375089,7.249258333532948,1108.390625,584.5164496493784,0.5965839354321361,0.13436605306247398,0.1455548983067274,0.03272308863208004,0.21823198394849896,0.10588729874911632,0.47607759100355906,0.45301327285391363,1.574945361353457,0.2812785031337414,20.01617270708084,0.012746858478899307,1.5443596607074142,0.5781459231870805,0.08533737005200237,0.014429836894919048,1069.2520279884338,182.81661544825363,0.897598385810852,0.0023590188185241517,0.13551089051179588,0.024842491336768847,1.0,0.0,0.0,0.0,
no_hill,5,payload_15kg,77,3578,56.1,-4.549901253991313,23.126078153494436,2161.6103896103896,1493.084472139225,0.9483168953424924,0.06218117236379598,0.07976916499508473,0.07048601910597012,0.1631318697851006,0.12052370485490059,0.5289097493828135,0.48448741055107913,0.605721755799922,0.4216256836800564,19.99126372399268,0.06538222710800543,2.1594685815371477,0.8307605994733707,0.041863300039299896,0.03348333059413431,547.0150170264307,407.7149902296926,0.8965604018855404,0.004949918919565044,0.15770457762402373,0.03450769706206768,1.0,0.0,0.0,0.0,
no_hill,5,push_x_3,64,1547,22.1,29.63055857643485,20.269370312846004,774.578125,402.95995329354173,0.2878579462412745,0.14128253028041857,0.24410063680261374,0.08691782640477617,0.3512366854120046,0.09421966255233327,0.13169051529985154,0.17345154505989643,1.362765435129404,0.10878740791025901,19.91774833202362,0.17194829704321685,2.187250022776425,0.5114388534557189,0.07363886188250035,0.00603860319518563,1565.4650211334229,353.76269039961875,0.8537071691825986,0.03407106146629586,0.17514990211930126,0.024056969873422273,1.0,0.0,0.0,0.0,
no_hill,5,push_x_5,64,855,12.6,13.709879922447726,9.927442145437153,476.984375,181.8696980081383,0.3505381657741964,0.24438492212935053,0.28039803239516914,0.14049894078630237,0.39272679202258587,0.11585268860319703,0.11856714148962055,0.20848838556040833,1.42688924446702,0.1359088462510448,19.953648805618286,0.1523701600449814,2.0629337560385466,0.6475271440219821,0.07422163448063657,0.011913049645869466,1778.6616706848145,463.5371193635107,0.8315848261117935,0.054264810477576135,0.1703387014567852,0.03169833062948105,1.0,0.0,0.0,0.0,
no_hill,6,nominal,64,3578,48.7,298.7551097869873,6.301128572668991,3578.0,0.0,0.022904703218955547,0.009421269921371062,0.0468071096111089,0.004013005280613496,0.3043792280368507,0.03545602157940796,0.1635646665818058,0.135547744827796,0.46029884787276387,0.023875726375146303,19.659046351909637,0.11266139197545727,3.641519255936146,0.4598199694942806,0.024150757992174476,0.0004259244949289858,600.2933578491211,49.87526838192727,0.7332423608750105,0.03472717998060862,0.17623477173037827,0.010838902172974903,1.0,0.0,0.0,0.0,
no_hill,6,payload_5kg,64,3578,52.4,226.0741351135075,49.99921374133441,3500.1875,400.71301035362785,0.0742182467947714,0.1174109347493133,0.06162060901988298,0.014140782106525689,0.2602429590187967,0.043315417470913005,0.3284984006349987,0.23481031409756725,1.1223018993623555,0.12627592560408094,19.88542953133583,0.08447205862731061,2.0401478335261345,0.3828956841056924,0.06029507199127693,0.007984392253576564,712.9887981414795,737.8360866190717,0.8716075327247381,0.014633768174823631,0.13353944674599916,0.016689037156076156,1.0,0.0,0.0,0.0,
no_hill,6,payload_10kg,69,3578,55.2,22.751046204048656,34.05762023492894,2696.1014492753625,1214.2767775502703,0.743547187767167,0.19032442472184835,0.09005860849351123,0.07165260316091301,0.16397787099476377,0.09845461250773366,0.6652061276650731,0.39388286021483776,0.8302630045707675,0.4744847294711299,20.01707569067029,0.012518740724112779,1.3105388322602147,0.477738852112424,0.04249232781349101,0.02777227246774386,722.2966972019361,1030.9617862409993,0.8965223794398101,0.0034303157930133917,0.11287407301690268,0.028529944313257703,1.0,0.0,0.0,0.0,
no_hill,6,payload_15kg,72,3578,56.0,8.464386035584742,26.37261899677219,2822.1944444444443,1310.5110027845647,0.9680273806055387,0.039208172677074514,0.0579840160595874,0.07408250307018092,0.1426892818089982,0.11209773519415002,0.6100207736926677,0.47495555158952646,0.4362476863898337,0.44691672464494075,20.00249245431688,0.02998566899637701,1.9041286115017202,0.8289674269907242,0.024996762328858797,0.029171741247313917,411.39560736550226,451.6789069561135,0.8974362942907546,0.0029130651318536077,0.1376280230987403,0.032958942068896276,1.0,0.0,0.0,0.0,
no_hill,6,push_x_3,64,1882,26.1,38.3271920979023,20.305835270969208,724.875,342.75779314539994,0.27478715660981834,0.16609721524491222,0.20916520635364577,0.08311546742801831,0.31209208630025387,0.09912539742668955,0.2755606671998976,0.3619015537915251,0.8441520892083645,0.15670062675669644,19.907186895608902,0.17717425325619368,2.1643443387001753,0.8548407249439873,0.03559699299512431,0.00585487412674241,1189.5234680175781,300.54681371474317,0.8263109503313899,0.05205199709157943,0.1645804950967431,0.030993783998275952,1.0,0.0,0.0,0.0,
no_hill,6,push_x_5,64,1087,15.8,22.633857483044267,15.868444625361493,534.3125,219.43946448036317,0.36364068021066487,0.3125123907261401,0.28408528584986925,0.2738327986507067,0.31533870892599225,0.10916264861967864,0.31359611396328546,0.388286107164327,0.9096845332533121,0.1863649466605618,19.936672776937485,0.12981381066512315,2.010610340628773,0.7887201183569456,0.03938274149550125,0.01267096166575059,1301.4097146987915,417.27487058573246,0.824033104814589,0.06001595483466217,0.16525563795585185,0.026126371710957864,1.0,0.0,0.0,0.0,
no_hill,7,nominal,64,3578,48.8,293.400732755661,14.115682812720063,3561.328125,133.375,0.023469657346140593,0.007900319287332577,0.046227007755078375,0.00552844802052107,0.3113863323815167,0.036662008406958,0.1591286476686946,0.12306291502214549,0.5347601464018226,0.020782357988632625,19.548095107078552,0.16656948518338596,4.009387734346092,0.5481751817644012,0.034159247239585966,0.00044010058998410076,677.5464839935303,36.31600169255437,0.70573546923697,0.03246615572715222,0.18110828334465623,0.010153694578868203,1.0,0.0,0.0,0.0,
no_hill,7,payload_5kg,64,4120,59.8,221.10881013423204,45.31915762406201,3503.453125,434.09928385571845,0.09337073459755629,0.1598913398981249,0.07298172195442021,0.02098106070148202,0.2499519931152463,0.04166635652177624,0.34596808322567085,0.2360950240416366,1.1878592390567064,0.16150469030800632,19.912649750709534,0.0988682607065919,2.0676264837384224,0.5971622288659229,0.066985143115744,0.009143665722521496,644.7210047245026,184.6512063741194,0.8667764281854033,0.022985580450923446,0.14019292034208775,0.021867676517695,1.0,0.0,0.0,0.0,
no_hill,7,payload_10kg,69,3578,56.6,4.4393308663713755,20.59353990745432,2579.5072463768115,1259.9755089028329,0.6984001268511233,0.17384616038140313,0.11338638838218607,0.0716035958045392,0.17428139112619817,0.09421239999108227,0.6488496412394865,0.3997077740251401,1.0275354656404343,0.44701938527962576,20.018421034882035,0.01900951350218431,0.774731911610866,0.6201326950644316,0.04811480718975266,0.021536602308187703,752.9169868800951,340.26197522908717,0.8966423540875532,0.005118112584020466,0.09145584421745245,0.03065925428874307,1.0,0.0,0.0,0.0,
no_hill,7,payload_15kg,76,3578,53.7,-11.08577740878651,22.636595032284568,2580.907894736842,1462.2591760936828,0.9095806236329832,0.11582722937040535,0.06950541774399187,0.06889150539057538,0.16866980375427948,0.1190495816756427,0.5035530000214318,0.4716015890082439,0.5051369044047437,0.4050927621883423,19.999513048874704,0.03256482426283994,1.401743555147397,0.9164952036475154,0.02592953070262937,0.02134751336144892,476.0809010455483,442.58073677171836,0.8957869081120742,0.005864538010184672,0.12652436286014945,0.043954210098680835,1.0,0.0,0.0,0.0,
no_hill,7,push_x_3,64,1839,26.1,41.8935541510582,22.89416300768233,775.328125,383.5386636286046,0.2922297780169174,0.17869061030774688,0.21737542550545186,0.1200897375649529,0.3035936029627919,0.09805027050221095,0.3140148514075918,0.3535036131798292,0.8525955630466342,0.1650518911541391,19.861613422632217,0.19733412168209608,2.1276125982403755,0.9137267502106322,0.04132354160537943,0.006086082463948924,1318.034276008606,547.3992234884361,0.8083897856995463,0.05836512687017971,0.1658639300148934,0.034248064345552574,1.0,0.0,0.0,0.0,
no_hill,7,push_x_5,64,1086,14.9,24.741864509880543,14.926793373736054,510.8125,207.8364646344477,0.322453145054169,0.22875535681694284,0.29886375658679754,0.24433999369956952,0.32234358694404364,0.10826123351742073,0.2788219715075684,0.36144347234607127,0.8996692281216383,0.1694916284762433,19.925458759069443,0.14804104364198542,2.121058592107147,0.926814453440135,0.04148457053815946,0.008650126665205454,1310.4360723495483,407.07030050524287,0.8028493812307715,0.07592611701348218,0.16425712907221168,0.03535389847932539,1.0,0.0,0.0,0.0,
no_hill,8,nominal,64,3578,45.5,296.7539236545563,29.860480802831546,3536.625,331.0,0.02313987768138759,0.013790272831134607,0.05249680404085666,0.011054511535908895,0.322036286117509,0.044701681280595276,0.18005802467996546,0.15993597185945457,0.4832994369789958,0.011863445537596596,19.581301778554916,0.09298711682813553,4.06532484665513,0.28226030612338376,0.028189350763568655,0.0005223618545828948,608.8309202194214,23.351457357617306,0.7486160714179277,0.02270998660213125,0.1846038606017828,0.008435929766748422,1.0,0.0,0.0,0.0,
no_hill,8,payload_5kg,64,4069,56.1,207.48136634379625,57.994855170646076,3289.875,749.0098543442282,0.07335294550284743,0.07273658510824971,0.12142336019314826,0.02049355203025022,0.26184671046212316,0.0446891637712286,0.31546376792721276,0.226103645833966,1.163469709455967,0.11242788747611354,19.9316508769989,0.08782503636366805,2.0067006698809564,0.5846964121497632,0.06134683557320386,0.0031811692522412806,711.1924905776978,131.4692590602897,0.8665010062977672,0.013925199620926268,0.14933488459791988,0.02086570986170877,1.0,0.0,0.0,0.0,
no_hill,8,payload_10kg,75,3578,54.1,24.22585511048635,33.75950629163254,2348.693333333333,1299.352769997779,0.6119112211465836,0.1965100229929108,0.1333325083553791,0.06319728567210862,0.18946042214830716,0.08447986732652452,0.6027054324156295,0.4004462771222671,1.218746777176857,0.46739722690773783,20.0121102142334,0.023606937951752144,1.151199409166972,0.6483051288876605,0.057175010436524946,0.022730066292464737,829.7879908243815,331.8765827150986,0.8943871768315633,0.003953052848084014,0.10678714747230211,0.033929878258852235,1.0,0.0,0.0,0.0,
no_hill,8,payload_15kg,65,3578,53.2,-0.22377691910817074,30.294327117558197,3080.646153846154,1124.18730966487,0.9423948453022883,0.0748359127835307,0.05191438804165675,0.045310844786047355,0.14316043798596814,0.121069297641942,0.6269914415879891,0.4485765844554259,0.436485428076524,0.3711605027279633,20.001095228928786,0.025699912319991913,2.0014138240080612,1.0570333263920333,0.027865866474950544,0.029063979133993566,359.74737868675817,352.68470410139855,0.8968706571138823,0.0031275502742546158,0.139328110905794,0.05331603434635126,1.0,0.0,0.0,0.0,
no_hill,8,push_x_3,64,1680,23.7,38.408374190330505,21.388579033186222,725.21875,357.55503378157005,0.2553907270776108,0.12918115343241668,0.22799899009987712,0.1028351929973,0.3119937931187451,0.09085427859086428,0.2238558072131127,0.3026145573935163,0.9375331792980433,0.2350473285082006,19.942293286323547,0.11834136701526529,1.976933321217075,0.8962545157746535,0.04404856116161682,0.009784962537005802,1147.0792255401611,317.43665629603805,0.8483103858307004,0.033175919714388026,0.1612485934747383,0.03414840742000366,1.0,0.0,0.0,0.0,
no_hill,8,push_x_5,64,875,12.0,21.68362377723679,10.11186211221078,496.71875,177.77482357416474,0.31138341047335416,0.23273135979634377,0.25686926301568747,0.1683427513971104,0.3263333037029952,0.11263156180047076,0.2784582631866215,0.357309847031517,1.0008657993748784,0.268909542801767,19.97515070438385,0.1280595871162842,1.730479086167179,0.9625714851611952,0.0431855063943658,0.011706077674882692,1204.0457592010498,374.12229531281326,0.8336965190246701,0.0538482615209504,0.15597041696310043,0.03981557913948351,1.0,0.0,0.0,0.0,
no_activation,1,nominal,65,3578,49.4,288.239834359976,37.7803250615827,3491.476923076923,418.5374127427375,0.022320041834161832,0.013900119655293496,0.04825461062674339,0.01471638503005168,0.3015926053890815,0.03611028700986004,0.18011119078235843,0.15389965159780195,0.7246065543248104,0.015838682470690854,50.34948037954477,6.7887673889206965,13.48247924217811,1.9007300531571356,0.04184578215846649,0.000677566418316566,391.84908963716947,17.230943173902602,1.0918162795213553,0.1539995023910277,0.2869067744566844,0.0359866984425955,1.0,0.0,0.0,0.0,
no_activation,1,payload_5kg,64,3943,59.6,175.41391150653362,66.19625321554892,3191.828125,806.7440646593536,0.20030637085437775,0.1846692535277141,0.09088194713694975,0.020250354414084615,0.24378737004008144,0.04529895750385,0.3881289074852248,0.2724873108987396,1.0695624379441142,0.18638263156934404,60.614375829696655,44.66957308797808,14.597779959440231,13.225357735016335,0.06098831593408249,0.0117066668095153,422.6031445264816,77.02234889025591,1.5350347496569157,0.5366199708916832,0.3729555127210915,0.1463434286787058,1.0,0.0,0.0,0.0,
no_activation,1,payload_10kg,75,3578,55.4,27.232775575816632,21.827943685652233,2508.693333333333,1390.9413201267826,0.7639533793926239,0.18203513809155555,0.09570089813321829,0.07073610888016281,0.2205752740552028,0.10108636865041949,0.48875550225997966,0.47320672255539814,0.6706662327051163,0.4270826492462318,64.76577245076497,59.639243119305284,16.139824918111167,20.056219726152662,0.039180705087880296,0.02371862784151911,294.9063358306885,176.5484780635291,1.88177472114563,0.4059890375202154,0.46047235329945885,0.12530471104301552,1.0,0.0,0.0,0.0,
no_activation,1,payload_15kg,67,3578,56.6,29.849169174459444,30.983191854093334,3030.134328358209,1153.6817204001832,0.9181053647354468,0.08571589057619627,0.05933185144841893,0.06296044471527097,0.1849718319891549,0.11646453474887979,0.5135474651226594,0.49369497416960484,0.3884732294549693,0.33893647928946147,73.08665745293916,52.76531924702169,17.59678891879409,13.655791938062931,0.023080458989672696,0.02031663445832667,285.5767673663239,533.2638869366939,2.2620034360173924,0.6506654306863077,0.5366913493889481,0.16522946709221994,1.0,0.0,0.0,0.0,
no_activation,1,push_x_3,64,2195,31.0,44.594207905232906,29.038626432944714,861.609375,491.5658368664429,0.3103929468197748,0.28230601537981964,0.21765190979931504,0.09969478908588947,0.2928810950834304,0.09152150958173984,0.3039571524277562,0.34410791174667255,2.5788767654448748,8.75873670553703,169.34257644414902,125.40139171043771,46.795767441391945,37.503140141222595,0.12857001199154183,0.4701593063795737,1731.7407984733582,6008.2104592616,2.8270007874816656,1.5444466063734896,0.797737144632265,0.4786602095075796,1.0,0.0,0.0,0.0,
no_activation,1,push_x_5,64,851,11.9,18.539257956668735,19.510040255158394,479.265625,179.02001680999473,0.319456419267226,0.2786969957583588,0.2617687326273881,0.18666170064679496,0.28483563498593867,0.12148133978888365,0.43507923016295535,0.4249235795585547,1.948145487345755,6.226499774246468,167.21177035570145,109.28103043577411,46.03257477283478,33.49786179641191,0.12477835416211747,0.5408660971796858,1101.3105087280273,2466.9471497846175,3.054473837837577,1.5419196282398206,0.8715404581744224,0.48087035337186107,1.0,0.0,0.0,0.0,
no_activation,2,nominal,64,3578,50.7,297.1085322499275,33.03160287861841,3538.3125,317.5,0.03150024460046552,0.05916064136647672,0.03588485001819208,0.013788092522633407,0.31031117495149374,0.04337206439482661,0.20005695035069948,0.17537127716014608,0.46659740852192044,0.03018038757234579,35.83016782999039,4.4677804435985005,8.723787143826485,1.09470912835156,0.02354672024375759,0.0011280547185229391,352.1586260795593,29.442183690224486,0.9854698115959764,0.09517575437021955,0.2375207357108593,0.02089247625955517,1.0,0.0,0.0,0.0,
no_activation,2,payload_5kg,64,3578,48.7,255.28517270088196,12.80836095763677,3578.0,0.0,0.048914368730038404,0.02566868968532541,0.06624051401740871,0.015557196029080022,0.2606880897656083,0.03923464575014727,0.32856606370296504,0.2201148070709297,0.9106929581612349,0.030502715010348597,47.832943081855774,6.324216982284328,9.108616344630718,1.5382625016864273,0.04120325273834169,0.0018655618305203766,375.0631728172302,32.119575513879575,1.2523342780768871,0.11812352034024409,0.2486138418316841,0.024945351861210198,1.0,0.0,0.0,0.0,
no_activation,2,payload_10kg,68,3578,55.3,72.29337867243927,47.336230307580664,3205.573529411765,902.5896129682104,0.5550463357392479,0.25122710389026703,0.09438562130226809,0.04850018148034041,0.17363786556319716,0.08206137117056056,0.6406622966203619,0.32304533527624935,0.8807856793351033,0.36288115227091944,57.559960533590875,8.80206466068549,11.32041536359226,1.8895273453107855,0.03909037826473222,0.01678557940447623,429.99815306944004,189.9543186934355,1.865293008439681,0.2137399560980735,0.3834334506708033,0.05278080176752757,1.0,0.0,0.0,0.0,
no_activation,2,payload_15kg,64,3578,54.3,35.21352673895308,39.18176302005964,3452.640625,578.127337189613,0.9385377960279584,0.053347712816419174,0.036383476603077725,0.028475376443573203,0.1317752383001789,0.11463137506810757,0.6943168321013218,0.40825635498031765,0.28849826904479414,0.2095603766993099,50.09506905078888,6.990589060975796,10.753536343574524,1.5485024003111594,0.015042374929180369,0.010286951117826394,138.91967797279358,102.62506537737407,1.9529553167521954,0.25309925576660747,0.4417338236235082,0.05245631700378751,1.0,0.0,0.0,0.0,
no_activation,2,push_x_3,64,1617,24.8,38.10057516768575,22.486072685874927,727.0625,360.7779018238845,0.2633136067306623,0.13657057457280014,0.21213175647426397,0.09535878410669042,0.31548635731451213,0.10375937433556554,0.3017022849035129,0.38150862890528286,0.7872353987768292,0.16058672333959287,65.93870711326599,22.71105105039528,14.980188675224781,6.315479098124038,0.031087850220501423,0.010989209614936343,554.8334264755249,124.03128148955501,1.6516654584556818,0.48038480179294285,0.39031207631342113,0.12879681206147403,1.0,0.0,0.0,0.0,
no_activation,2,push_x_5,64,891,12.8,23.2408460509032,11.902001531982066,508.84375,189.75616925370642,0.350484233815223,0.2545828560413145,0.2627240522415377,0.166783604474116,0.31294870330020785,0.11015385282205091,0.3165275330611621,0.3847860574769782,0.8315897546708584,0.17060903479490655,77.081976801157,34.81982985963211,18.564156360924244,10.065649159103314,0.035301236232044175,0.017102083406422806,584.8298902511597,146.6499686761277,1.6710066860541701,0.6333849705364747,0.40993682388216257,0.17662156356270065,1.0,0.0,0.0,0.0,
no_activation,3,nominal,64,3578,49.9,301.95770889520645,44.75844764067082,3493.734375,472.979755336667,0.025165383733110502,0.020734928196404722,0.025967850830056705,0.01482692296491204,0.30520034534856677,0.0407258917231978,0.21194490169727942,0.1721594527732065,0.502909074537456,0.04018068570144902,43.76435828208923,9.640639762328005,11.724581837654114,2.1065778284054755,0.025975970725994557,0.000806531789202937,339.0137724876404,37.192323485565566,1.1274418039247394,0.1422656757611353,0.29077978804707527,0.03145946550282581,1.0,0.0,0.0,0.0,
no_activation,3,payload_5kg,64,5487,74.9,260.98468923568726,18.537644248613912,3607.828125,238.625,0.04471111949533224,0.014173660544531569,0.0542992694536224,0.011490918807557812,0.256898426450789,0.03818348630769554,0.3284281355454368,0.21829963915142112,1.0011833626776934,0.026169292072385324,45.00248068571091,10.8111102168003,10.093321025371552,2.3245154013439064,0.05326568288728595,0.0050299933836539515,350.72117805480957,21.968859924966235,1.2814794406294823,0.08979036476606525,0.27214524266310036,0.023219840478130416,0.984375,0.125,0.015625,0.125,
no_activation,3,payload_10kg,64,3578,55.0,92.09195494651794,36.530712239325254,3578.0,0.0,0.2960972744040191,0.17202824538604414,0.11854186316486448,0.03890604454423742,0.17586743389256299,0.04884118197200509,0.678180894581601,0.23810076503536778,1.2754027377814054,0.2818168621684762,59.29219055175781,6.918178226354194,11.840322144329548,1.7916874198259387,0.05361616845766548,0.01287702278299982,461.041974902153,113.01195185352611,1.793858077377081,0.15307163005090815,0.33800225844606757,0.04179155281981746,1.0,0.0,0.0,0.0,
no_activation,3,payload_15kg,64,3578,53.8,-7.325763538945466,27.46095734187062,3534.375,303.6277744160198,0.7456698939204216,0.1559566927707523,0.07552655311883427,0.042476818826141675,0.12913713771558832,0.07914508273127754,0.8538376884534955,0.22746773949875426,0.7667789943516254,0.4174726204173386,59.530214846134186,7.0716350721198244,12.314184293150902,1.612184571152726,0.039329790182819124,0.020442414281475883,384.1549552679062,554.3245564166493,1.9006165284663439,0.10594737494994415,0.3990429169498384,0.03796203021981126,1.0,0.0,0.0,0.0,
no_activation,3,push_x_3,64,1905,27.4,54.10274228453636,31.05562868290925,917.53125,472.969443247692,0.25454017415177077,0.1143500336218206,0.24397781264269724,0.13025576087450014,0.3086542289238423,0.09466431312755087,0.28294767131046683,0.3331432255043756,0.7562769940122962,0.10161928923758823,68.8209782242775,23.62019613094798,16.267827227711678,5.651093559574886,0.03099353561992757,0.005824386128534356,499.68008279800415,87.23244878110218,1.7108816262334585,0.4819636912278634,0.4282677727751434,0.1220729723632599,1.0,0.0,0.0,0.0,
no_activation,3,push_x_5,64,949,12.9,22.46050588786602,17.265587930854004,511.71875,191.87044808726108,0.3696069178986363,0.2715787396865307,0.2885135232936591,0.2104538970703724,0.31173922773450613,0.11379159760892651,0.3465438530474785,0.38569769162553785,0.8866094779223204,0.20818026433411893,91.09949994087219,41.577188097647834,22.644666612148285,11.40734118842301,0.044054665602743626,0.02953751883775158,560.3934864997864,149.74678010296006,2.1089292243123055,0.9988856448706057,0.5364026660099626,0.26030840160316093,1.0,0.0,0.0,0.0,
no_activation,4,nominal,64,3578,50.7,301.348219871521,10.04315568868774,3578.0,0.0,0.029133359756087884,0.01763602880852713,0.035573272049077787,0.009211099317330926,0.3151656533591449,0.034293884254951335,0.14917988447996322,0.13449581883774728,0.6218466619029641,0.011574072247456749,41.36490812897682,4.868843837941303,11.440994754433632,1.6744346418847371,0.036895232391543686,0.0006754014880189441,330.8774518966675,18.08939746396217,0.9355131722986698,0.11232483950923354,0.2674068957567215,0.02483280531885772,1.0,0.0,0.0,0.0,
no_activation,4,payload_5kg,64,5496,77.5,220.94983676075935,49.08504999063878,3465.828125,521.5920851809512,0.09745115821715444,0.12126988199061278,0.08279732201481238,0.02204235715597069,0.2593869382981211,0.04032705800042651,0.322022595101771,0.2322895266395697,1.1533825239166617,0.08989061637052356,48.8149693608284,3.855061065434332,10.960168838500977,1.2923697417163338,0.06737331883050501,0.008728216251176804,401.2578718662262,44.2221005657181,1.3860868848860264,0.14122263798264637,0.29919147468172014,0.03377207495809748,0.984375,0.125,0.015625,0.125,
no_activation,4,payload_10kg,69,3578,55.7,56.49247600764468,36.99504986956438,2833.7246376811595,1119.689556293303,0.558622346840043,0.23172446708381123,0.11394693111271961,0.05254455834636118,0.20968133821219637,0.08319395219953905,0.5343807022478702,0.3775949304169439,0.9638844238243242,0.38155081054379053,52.65792271710824,4.65068489826153,10.879230568374412,1.6418618566026264,0.04883162899320756,0.02144250223162114,394.67197484555453,141.28078313193313,1.785241785256759,0.1390738556806393,0.3806641529435697,0.04745082945143004,1.0,0.0,0.0,0.0,
no_activation,4,payload_15kg,68,3578,54.7,22.52768012015697,23.760322661750546,3025.5,1134.5094607000465,0.8590922601082746,0.13116363216375249,0.07104690464706544,0.06943215221563923,0.1729411302915062,0.11124092792791179,0.5407250103496207,0.46126668261131415,0.5226662982912624,0.37509990518587344,50.77687594469856,5.280477398366345,11.079790984883028,1.3075569657703394,0.026645091290393955,0.019447130507095414,241.08982750948738,175.1238012148577,1.852063487557804,0.22015606691419218,0.415366283234428,0.04347926659856035,1.0,0.0,0.0,0.0,
no_activation,4,push_x_3,64,1565,23.2,39.05693946778774,24.022206472327518,719.921875,373.94385898503407,0.2984723685658537,0.2593349115908887,0.23948558571282774,0.12002796004452507,0.30018546897917986,0.09928513348158172,0.3219652808857063,0.3727919609683793,0.8353967880830169,0.08862542836376182,62.67391413450241,19.370537129716613,16.120201647281647,5.3087395046279395,0.042478224699152634,0.006430433901624287,491.142728805542,70.56872801753553,1.6834662146866322,0.5064018141695078,0.45201956247910857,0.137410150293485,1.0,0.0,0.0,0.0,
no_activation,4,push_x_5,64,1078,15.3,24.941875267773867,13.134704911648328,516.5,192.99716257475072,0.3543874769238755,0.3468481866362819,0.2717782133840956,0.17557737454146452,0.32318959617987275,0.11152181251187303,0.31714001708314754,0.3979418040341605,0.8943521929904819,0.13234748357837836,79.28491675853729,31.874484104006413,19.79844830930233,8.688573118686632,0.04766941411071457,0.017098285480095617,505.27378702163696,88.57720073546905,1.6941154953092337,0.6360610318456378,0.4403449345845729,0.16714507186960287,1.0,0.0,0.0,0.0,
no_activation,5,nominal,64,3578,47.6,304.4161729812622,23.40289786454621,3540.140625,212.462647861009,0.02376140156411566,0.02143580593698398,0.03228084000875242,0.006628473327969615,0.31307508051395416,0.043587062138696134,0.20584275419969345,0.18170234885658307,0.5173922218382359,0.02014781486536916,39.73782014846802,7.322213578899464,10.756240457296371,1.7505269080051862,0.029973234719363973,0.0007380549346079359,326.5674524307251,20.29195720977958,0.9108697948977351,0.1029884004293398,0.2554220659658313,0.016707210737267504,1.0,0.0,0.0,0.0,
no_activation,5,payload_5kg,64,3578,51.7,245.59538573026657,36.82986957115405,3563.078125,119.375,0.07891427568392828,0.1442641768623355,0.04888441081857309,0.009519133541929358,0.2515539503656328,0.03601483914371202,0.3483682448058971,0.21190787338335906,0.9946745983324945,0.11723025559094026,41.52524173259735,3.8627059981742944,8.44593908637762,1.1612805516904088,0.05393876686866861,0.008605558752333733,371.38884115219116,51.54940646682893,1.3016879577189684,0.11547118577262362,0.2571584542747587,0.030677911205983757,1.0,0.0,0.0,0.0,
no_activation,5,payload_10kg,64,3578,51.2,73.76351905055344,20.13547180836815,3486.828125,516.1554630666728,0.4108660537749529,0.24518210091707393,0.07951019454048946,0.03965372701143084,0.1389932468882762,0.05020225704506024,0.8330939457300701,0.19538162758196376,1.1105623131152242,0.4195528739523084,54.92245852947235,6.0555433744096545,10.597571685910225,1.2331653058427614,0.05443805542017799,0.02090610255112825,593.87344622612,231.50116807814692,1.7139208316802979,0.10675210064012283,0.36871863529086113,0.0305401262851597,1.0,0.0,0.0,0.0,
no_activation,5,payload_15kg,64,3578,50.4,40.14459891617298,20.104238180866506,3525.359375,421.125,0.9409605702385306,0.0533094049313639,0.022320850468531717,0.04213190087045994,0.10916696227468492,0.1142455573883692,0.7844422523303365,0.37861960395591354,0.19927179388469085,0.1706817227848394,45.77444106340408,4.886659745933868,9.737180538475513,1.390461141911547,0.01111014882917516,0.00879523577516498,102.9121442437172,92.21873528589816,1.6582342069596052,0.18452936203526965,0.3741644457913935,0.05418994192590883,1.0,0.0,0.0,0.0,
no_activation,5,push_x_3,64,2204,30.9,52.25847455859184,34.00491976525165,902.28125,527.7846021906321,0.28518301667645574,0.13845148318611983,0.24579551228089258,0.12431040702012999,0.30278947530314326,0.0965958288785606,0.31320959075310384,0.3484558958204405,0.7526724329218268,0.10039738274545895,59.11278557777405,20.152070504577438,13.666887879371643,5.145358225776234,0.034225711511680856,0.0071871663665134455,499.2155613899231,91.63499523860276,1.3662175852805376,0.37288373055167623,0.3402913874015212,0.08763110454416258,1.0,0.0,0.0,0.0,
no_activation,5,push_x_5,64,1081,15.2,22.905524097383022,13.290705907790707,519.765625,198.11658762371883,0.36920154915424064,0.26281306658597414,0.32595281989779323,0.21137994428226398,0.3131816179957241,0.11113482877482707,0.3466740709700389,0.38461108783452014,0.8416819684207439,0.21260770599602913,77.16555243730545,39.46076950492061,18.922784879803658,11.118109964654636,0.040425620652968064,0.019557426990994792,523.4719343185425,101.43892979917193,1.5866730399429798,0.6156516268762515,0.39428203413262963,0.1525246844045532,1.0,0.0,0.0,0.0,
no_activation,6,nominal,64,3578,50.0,282.5626351237297,33.35818781361766,3538.359375,290.26372065720153,0.030582644714741036,0.05729266230285168,0.06087175151333213,0.012556207071069355,0.3109293174929917,0.029133535912951,0.10779917653962912,0.10713913188465769,0.7922447184100747,0.02066313436105255,40.59793555736542,6.047856355473752,11.037027165293694,1.5905254332649295,0.04632488766219467,0.0010366844648715936,381.851197719574,36.25296662288525,1.033742232248187,0.1612227105754664,0.2853565150871873,0.03671300983660346,1.0,0.0,0.0,0.0,
no_activation,6,payload_5kg,64,3578,52.8,222.3794047832489,30.228121792412765,3547.109375,247.125,0.06918010502704419,0.07734448875890594,0.1004434964270331,0.027941722773808755,0.2596583778504282,0.0369371572566725,0.30249001816901,0.21592328190447982,1.4844196047633886,0.10126032645459347,60.769530296325684,7.340090792293061,14.886022835969925,2.0200972268694573,0.08944185014115646,0.00793491912336298,454.4919362068176,31.440692389061102,1.690509706735611,0.130718760940401,0.40500446734949946,0.03605318278779171,1.0,0.0,0.0,0.0,
no_activation,6,payload_10kg,64,3603,56.4,50.307422648184,34.35400158595224,3029.0,1064.9354552316886,0.5517930453643203,0.21422572555095853,0.13192884440650232,0.060430684625865476,0.19691433555999538,0.0745223213352098,0.6014344198338222,0.3325847201955556,1.2439051063265651,0.4984957000421787,73.87254655361176,12.497008504128308,17.839431792497635,3.1398634887567436,0.06657716307381634,0.02871605103092773,462.6497622728348,174.83035665524085,2.0634431187063456,0.20594164596432096,0.4881976288743317,0.061195370776949094,1.0,0.0,0.0,0.0,
no_activation,6,payload_15kg,64,3578,56.2,20.40736980177462,25.883784474722347,3363.546875,713.4429584141358,0.8411245509050786,0.13653557678330905,0.06712850320764119,0.054029364651259654,0.16241484100464731,0.10005810843188281,0.6223990979306109,0.42719271961251537,0.6292721487698145,0.4618781083408027,68.47588837146759,8.103594328683219,17.321964502334595,2.813138648459957,0.03445118673334946,0.024562232685183344,275.4628767967224,205.50027464692553,2.1226916518062353,0.22763540612026958,0.5325363832525909,0.06794532768128428,1.0,0.0,0.0,0.0,
no_activation,6,push_x_3,64,1850,27.6,36.66721302480437,25.472180456273136,748.65625,425.82003869844226,0.2718428496737033,0.15325691521292467,0.2721216395730153,0.10651868071252403,0.31236430001445115,0.09980619488305206,0.26664685422656476,0.338059471622848,1.0480331741273403,0.10214740751833931,67.59990763664246,22.32117465161047,16.040652938187122,6.144608298876962,0.05062695167725906,0.006057502741284032,601.8939247131348,118.01047983025953,1.602468403056264,0.48435312292501753,0.39778460818342865,0.12832266186301955,1.0,0.0,0.0,0.0,
no_activation,6,push_x_5,64,1088,15.8,22.15984883531928,13.396518794746996,541.109375,214.63620881141307,0.3301671231747605,0.26889690375864345,0.3005157329607755,0.16156679794494022,0.32286641537211835,0.115344691550186,0.30800752084178384,0.3726847957343574,1.1412021219730377,0.15143570050442937,97.45268100500107,38.84038087096615,25.269245758652687,12.92358260424161,0.05647779832361266,0.012856639695992138,642.5899615287781,118.32074026783107,1.9205572754144669,0.669984907975944,0.5054651098325849,0.20041773226454537,1.0,0.0,0.0,0.0,
no_activation,7,nominal,64,3578,46.8,296.80513364076614,35.17566648947686,3518.140625,357.4330825233485,0.029371065174927935,0.03419413779457416,0.029785847509629093,0.009883967966402977,0.30040319403633475,0.03825587864084277,0.1934525153701543,0.16329096572189453,0.5177728929556906,0.016976092111482755,41.503603875637054,5.311523212416269,11.507217958569527,1.4735632974511887,0.02835456599132158,0.0005943306578399382,351.6198649406433,23.219019379930906,1.0031085787340999,0.10815329292767076,0.272950247162953,0.03350664837975386,1.0,0.0,0.0,0.0,
no_activation,7,payload_5kg,64,3578,50.7,243.9446668624878,28.222890657252574,3552.40625,121.10650156875238,0.0749868642014917,0.09072294451578705,0.054457525111502036,0.011898479938527284,0.2466568103991449,0.04077122072250854,0.361431006193925,0.24932021732854442,0.9452930707484484,0.07865492184787645,42.448256492614746,4.4123164075219705,8.904367968440056,1.1423053076999399,0.04598729149438441,0.00471822447094202,386.62300276756287,34.01986680690134,1.3083150181919336,0.12129615498876277,0.26269129291176796,0.025999971150190954,1.0,0.0,0.0,0.0,
no_activation,7,payload_10kg,64,3578,55.2,94.12037914339453,40.296788027465766,3411.21875,629.3305455131452,0.3743101248983294,0.23100471585670806,0.10517294131568633,0.032369437209190034,0.19317320972913876,0.05768044209342707,0.6077699051238596,0.2760919415389015,1.0737283526686952,0.2920613643098854,54.00852185487747,44.19866070675812,11.311785399913788,13.946727620439074,0.05099198168318253,0.014792872823052562,443.92588233947754,108.35123626193798,1.800572058185935,0.502472378474118,0.3706908773165196,0.1330397264106265,1.0,0.0,0.0,0.0,
no_activation,7,payload_15kg,64,3578,54.5,14.996713194530457,22.710737414058123,3264.671875,910.4386532977666,0.7907494413666427,0.14568112679120812,0.06660298777569551,0.0384901162959156,0.1448799961935947,0.09351288836288008,0.7119668159812136,0.38082317484711525,0.6294494635658339,0.35106437148563724,94.16317743062973,176.8423233338794,22.06242186576128,47.060234804653085,0.0335664063677541,0.020006612581721435,327.0783968567848,209.4447798951154,2.1694723181426525,1.5195777398515677,0.4786532949656248,0.42587854862020313,1.0,0.0,0.0,0.0,
no_activation,7,push_x_3,64,1904,27.7,48.61994824372232,28.513193196436564,859.75,452.8204030963241,0.2848545154556632,0.1535655182445187,0.21350850904127583,0.09434287799248181,0.29355900920927525,0.0928609823498567,0.33271709880500566,0.35055254248451656,0.769447579048574,0.11633414318535303,74.05222761631012,49.39576809744652,18.558245822787285,15.59701833741075,0.03453558497130871,0.006673240699615603,532.8105611801147,155.08334692863656,1.6550920326262712,0.533787306291027,0.4262841020245105,0.16926522536361369,1.0,0.0,0.0,0.0,
no_activation,7,push_x_5,64,832,12.4,25.746050976216793,12.878489946523127,505.234375,172.10155198727458,0.3258416171884164,0.2323274564579795,0.2429698830237612,0.14564302762205847,0.304833929752931,0.11126795888794118,0.3646301024564309,0.4045859769924884,0.8774318778887391,0.17994521974592567,105.48530286550522,115.89215089677555,27.857842341065407,39.19400406168851,0.044046908791642636,0.017582671502498932,564.6952500343323,161.58200862996298,1.95148915797472,0.7582856520307042,0.5027335332706571,0.21176002053377385,1.0,0.0,0.0,0.0,
no_activation,8,nominal,64,4334,59.4,293.90638399124146,35.928129023751055,3520.875,366.4866874301058,0.03346350131323561,0.0349809604446597,0.036823590606218204,0.010237533063525503,0.30884756543673575,0.04267607662566572,0.20920511139411246,0.17292415787988186,0.5251204976812005,0.03324585889554225,46.468687295913696,24.45730732754315,12.284227170050144,7.042041719403048,0.02740504377288744,0.0010089988584351362,337.82025718688965,27.589136894488433,1.2612257888540626,0.4241105369757732,0.3235434042289853,0.10286565451543296,1.0,0.0,0.0,0.0,
no_activation,8,payload_5kg,64,3578,50.6,248.02408695220947,18.261914996929704,3578.0,0.0,0.059826090990100056,0.05253306756597661,0.06338558770949021,0.011142232644198773,0.24899173877201974,0.037895447748237915,0.3672442703300476,0.2326712495305354,1.0399648994207382,0.025317493848288367,44.263657331466675,14.178175942761778,8.925482116639614,4.390651019085731,0.05019655649084598,0.005000981945652905,396.06904554367065,27.55874714539138,1.3196657430380583,0.3441136157753225,0.250116849783808,0.10400311324158251,1.0,0.0,0.0,0.0,
no_activation,8,payload_10kg,64,3578,52.7,85.42233684659004,28.346673062743026,3578.0,0.0,0.5011697211302817,0.23239323291984745,0.08657535837846808,0.032616620057876584,0.15208974618872162,0.05658690216175072,0.7440609279437922,0.2273014964319732,0.9025287094991654,0.34882025037976455,52.077448070049286,8.644002082401103,9.365933358669281,2.3186187075351015,0.036823584166995715,0.01423359785492908,368.57562032341957,141.58417197760662,1.6336711570620537,0.10341605184579342,0.2928655403666198,0.035077339144161765,1.0,0.0,0.0,0.0,
no_activation,8,payload_15kg,64,3578,50.8,40.766124098561704,19.35658126150873,3578.0,0.0,0.943257350474596,0.06003570530209397,0.020212528892443515,0.018640908518760452,0.11376893763372209,0.11493853397415459,0.7869139540707693,0.371982553445891,0.18299571191892028,0.14338088188934617,48.52856546640396,15.949903308691473,9.84864280372858,4.4791175307593045,0.009665649697126355,0.007448572606389225,74.65557259321213,55.63209765213783,1.6300330720841885,0.2117286747281979,0.33832233236171305,0.06006285253609373,1.0,0.0,0.0,0.0,
no_activation,8,push_x_3,64,3238,44.7,76.15313932299614,49.80087255712127,1339.34375,745.6752180098038,0.2790295878658071,0.132632875215271,0.21221736166626215,0.08203362400183166,0.31008608592674136,0.08046802033070004,0.24785067220364,0.30468578780716976,0.8131502829492092,0.1370014198397397,83.06326848268509,46.68949457834173,20.386849835515022,13.12710419576504,0.02935452078236267,0.00760023924725928,550.4033246040344,122.39301261483679,1.938183655962348,0.7037034840094485,0.4901528158225119,0.2105329445113018,1.0,0.0,0.0,0.0,
no_activation,8,push_x_5,64,1129,16.4,25.118580911308527,17.295880636865387,557.15625,248.0234383925509,0.35145495022879913,0.23959536056633146,0.3195171690895222,0.2403081720083661,0.332002405077219,0.11352013186699382,0.29799515190097736,0.38495805713829073,0.9493255903944373,0.1814550195638778,93.88387542963028,40.705276362383294,23.782725244760513,11.988359237257955,0.038636761804809794,0.014330539932245048,591.4375514984131,134.82300168401798,2.0863765086978674,1.0093297758944837,0.5330632831901312,0.27808496291930995,1.0,0.0,0.0,0.0,
no_growth,1,nominal,64,3578,49.8,293.8802967071533,4.374459144638161,3578.0,0.0,0.028063934878446162,0.0018610280119670676,0.03192996673169546,0.006491326065958832,0.32310557272285223,0.04046444089583844,0.1568177045419361,0.1483163159136038,0.6664367951452732,0.007058543702803853,21.848724991083145,1.7765955278439838,3.281884554773569,0.4121376503823551,0.030248540046159178,0.00022324957459475564,733.4179811477661,22.398714123626576,0.6848968155682087,0.034487906757390455,0.13531044707633555,0.010182995618041561,1.0,0.0,0.0,0.0,
no_growth,1,payload_5kg,64,3578,50.1,226.56521487236023,20.52689302836721,3578.0,0.0,0.0677361513080541,0.07988765369590724,0.09067717049038038,0.0079016065301827,0.2538076147902757,0.039419188748956356,0.3268192759333033,0.22916613347704815,1.1341328555718064,0.08692284931863438,23.819959312677383,0.9556869170169033,2.083179257810116,0.36074917793288336,0.04414374998304993,0.004126520226373604,701.7969436645508,246.43070401010525,0.9139453275129199,0.028985696775683398,0.10928792133927345,0.012529864184134822,1.0,0.0,0.0,0.0,
no_growth,1,payload_10kg,64,3578,56.3,31.935672897845507,23.495194155262723,3362.40625,759.053435573251,0.799909632652998,0.13776519810049448,0.06740326796716545,0.051899209470889614,0.14848568906018045,0.07865798540128698,0.7402756938645325,0.3222421758024122,0.5760082436027005,0.32634084016056814,25.190783590078354,1.6481853578962729,2.0789761329069734,0.46413695935490584,0.018469955652108183,0.01062717768941609,618.8089292049408,389.1473814406086,1.0000876346603036,0.037089304393334674,0.11778869712725282,0.019525087182849742,1.0,0.0,0.0,0.0,
no_growth,1,payload_15kg,65,3578,52.5,5.403346757705395,35.15133391538744,3375.9538461538464,795.3705785428189,0.9711492877740127,0.029213728503803715,0.034814476314932105,0.04756504729811228,0.13128267858678905,0.12195500757899941,0.6715817337712416,0.4424786010965613,0.2305384684067506,0.23098182365851957,23.95597736652081,1.579809529757596,2.6595002064338096,0.7387426706605442,0.009772874819687926,0.009144204945255838,318.6020351116474,406.7034355563661,0.9808748034330514,0.046104111985365834,0.14925704518189797,0.03383079102795408,1.0,0.0,0.0,0.0,
no_growth,1,push_x_3,64,1841,25.8,41.052904261276126,25.99798355791445,807.796875,410.9691287091819,0.3384007770800963,0.20476746157906212,0.2282735522603616,0.11605105690746442,0.33239453565329313,0.09917196433189333,0.24111601364711532,0.3288031167778557,0.9108141427859664,0.10105340782445645,32.06247755885124,6.188734885667125,5.345916613936424,1.7644199386051098,0.02994901008787565,0.0041854302220636595,1359.6563549041748,354.01475222572077,0.9613628415390849,0.14765308737027077,0.19162433268502355,0.04208389494302473,1.0,0.0,0.0,0.0,
no_growth,1,push_x_5,64,897,12.5,21.492537822574377,12.17672859537672,487.453125,155.57358588462245,0.3325587045401335,0.20098238089897494,0.2981525618233718,0.23711576642116633,0.3162882092874497,0.10880730019473561,0.3192410341980576,0.3722652265623947,0.921610914170742,0.09428276938332852,36.48858204483986,12.17361303426853,6.540903553366661,3.3845997908505905,0.03195042934385128,0.009264156604799005,1306.5742473602295,267.5342965280676,0.9851187849417329,0.21825464703001676,0.20760389475617558,0.0610815675571046,1.0,0.0,0.0,0.0,
no_growth,2,nominal,64,3578,47.6,285.9283182621002,8.022015380549824,3577.984375,0.125,0.03970181959448382,0.01221237715122533,0.030784493690589443,0.00604966788996705,0.316894548246637,0.04257603249633227,0.18644037428020965,0.1614406402574147,0.6226703096181154,0.016930512153465683,22.608097791671753,2.094460961023756,3.764354597777128,0.4896045380216075,0.03316449010162614,0.0005938277838457095,740.252420425415,71.48878768702198,0.6919323671609163,0.0438167996595766,0.1433655812870711,0.01330290346600316,1.0,0.0,0.0,0.0,
no_growth,2,payload_5kg,64,3578,48.0,236.63325572013855,20.40607007953752,3560.78125,137.75,0.0510847459663637,0.02967237293160817,0.06256500745075755,0.015769067206647783,0.26520114368759096,0.03744630767054713,0.30390538921710686,0.20674240313356043,1.230554923415184,0.06762928204628386,24.005065947771072,1.0119556139805315,2.8865831419825554,0.3479774928495638,0.06510695972247049,0.0047604576895840375,689.594783782959,60.98549641033864,0.9360469607636333,0.03553740237518738,0.1277973122196272,0.015936447078374258,1.0,0.0,0.0,0.0,
no_growth,2,payload_10kg,66,3578,54.9,28.569840238852933,22.063562425015242,3385.6060606060605,711.1597652110331,0.693616613294139,0.18338638342826358,0.07603256946260278,0.03883326841650132,0.1644554738745545,0.07486136849552585,0.7307880911976099,0.2827232838155187,0.821753331657612,0.4099868881919914,26.265503449873492,1.396154309204903,2.3997321959697837,0.4118182966023857,0.030189984174671048,0.015893913147077065,561.7673371054909,278.13237429914165,1.0720668191259557,0.04350634495629413,0.12068478887279828,0.020397432990413304,1.0,0.0,0.0,0.0,
no_growth,2,payload_15kg,65,3578,52.2,1.3799987572890062,27.55381488325911,3431.246153846154,673.6883559640455,0.9716114640235901,0.024194942875023072,0.03104606058735114,0.029970652424358816,0.14181765612358085,0.12121914554429068,0.5683837125547982,0.48449302787060144,0.22937830033210607,0.18837197908086428,24.86103046123798,1.549086434766868,2.9386946989939764,0.8488399258015884,0.010044115577609493,0.010651850528741482,211.7269394507775,209.80879529619963,1.0132021537193885,0.06703537211986747,0.14326394016926106,0.03935413547609033,1.0,0.0,0.0,0.0,
no_growth,2,push_x_3,64,1501,21.1,30.634758785367012,16.70963941342389,610.234375,258.24018241837615,0.27699625154491514,0.18470888885037579,0.21673942089546472,0.09857897645159856,0.30665449262596667,0.1016499111492061,0.2858902153602685,0.35544442570067686,0.9164482820779085,0.12967038520847302,30.487873136997223,7.614485719289364,4.9247789941728115,1.8734001867892267,0.03277666313806549,0.004416998662742519,1393.3826990127563,334.89108130546987,0.901024661026895,0.1543346959394627,0.1786504457704723,0.04386622667851129,1.0,0.0,0.0,0.0,
no_growth,2,push_x_5,64,815,11.3,19.285051649436355,11.190999819716392,455.53125,140.05633432913444,0.37099950353149325,0.25485854718551765,0.2718593972385861,0.21966846618129776,0.3350870420690626,0.11718714795731688,0.2668720922229113,0.3625085972911657,0.9783924324437976,0.1544355867878799,34.38888803124428,9.121134841731768,5.698598340153694,2.7005137249361666,0.03516940289409831,0.007259882466177724,1617.5569944381714,673.6831800358751,0.9315960658714175,0.1755938305421865,0.1822360281366855,0.051467751431512755,1.0,0.0,0.0,0.0,
no_growth,3,nominal,64,4500,58.8,283.9497722387314,28.230898477108937,3536.5,332.0,0.025550552207278088,0.007656998511734315,0.035576112975832075,0.007045961995095235,0.31512761069461703,0.043419412457738775,0.19629253674429492,0.1701644668231218,0.6684707617387176,0.014299594164824318,23.873508989810944,2.763013179416257,4.415889129042625,0.6799535417451567,0.03410221674130298,0.00048454552118687986,865.8118162155151,27.36019814508151,0.6602710792794824,0.05526947858403326,0.14122362108901143,0.013544943937273476,1.0,0.0,0.0,0.0,
no_growth,3,payload_5kg,64,3578,49.4,227.12139040231705,35.891388971516406,3510.578125,361.2255068727514,0.06926210850360803,0.0756804612487415,0.06850921979639679,0.013827843746061151,0.2585952130611986,0.03801767424053943,0.3366783528272208,0.22396194807227549,1.26875901222229,0.03423188953437752,24.02807840704918,1.044022446196226,3.1620269156992435,0.5224992495288459,0.06711956940125674,0.004600617173680276,648.5095176696777,157.5692642595214,0.9111345196142793,0.02895682279559259,0.14092790603172034,0.016868435071162386,1.0,0.0,0.0,0.0,
no_growth,3,payload_10kg,73,3578,53.6,12.045250860846615,23.106190954800507,2664.328767123288,1217.429989485986,0.7737261477398546,0.17087640279329708,0.08321000201857254,0.05415855122627031,0.18165186139091544,0.10066257447116378,0.5556414689396648,0.4321755240739503,0.8061332194364235,0.320507786370036,25.94380676583068,2.0272158305409276,2.5763956896246296,0.5382183228861389,0.03586181874501787,0.015801240149832058,960.8422042637656,660.1365151759693,1.025254486358329,0.05633106894791335,0.12346965988000778,0.02775616093844918,1.0,0.0,0.0,0.0,
no_growth,3,payload_15kg,70,3578,52.7,-6.450706725461142,25.465081492323666,2698.9285714285716,1407.8468329221557,0.9730270862579345,0.041080741236489866,0.05265552337015314,0.06645750081154522,0.15426661168624248,0.11945089537407746,0.5838881889827982,0.4751199779256043,0.3266608816970672,0.29136395240412594,24.078414099557058,2.2140222956029345,2.9493561131613597,1.0248259775441033,0.014851275512150356,0.013194891208811834,512.5126435143607,673.4551276547396,0.9459409781864712,0.05116797057961927,0.149785886492048,0.04680563527448221,1.0,0.0,0.0,0.0,
no_growth,3,push_x_3,64,1513,21.2,34.98203870281577,20.443412771791156,705.265625,349.3760534669071,0.30953439651057124,0.19840438601674265,0.21855650300858542,0.13580055260664053,0.2937577520497143,0.09689681463084335,0.3103409938776167,0.3330454213120092,0.9338875934481621,0.13114268418650896,33.034687519073486,6.513698124392488,5.650875493884087,1.6864608359902193,0.036298198479926214,0.00514829935074513,1400.8086185455322,294.56415490647646,0.9500038027763367,0.14088772935876978,0.19090169668197632,0.037559879229215255,1.0,0.0,0.0,0.0,
no_growth,3,push_x_5,64,796,10.9,20.95909246057272,10.719090362419253,467.890625,167.4394576382949,0.3633677762118168,0.2676898104567575,0.2656662944937125,0.18950638598249997,0.3074368014931679,0.11821915920519128,0.3479424161778297,0.38735679077464624,1.0394842633977532,0.382542654249047,35.864252269268036,8.893737232207046,6.753450259566307,2.7192184534698227,0.04331163500319235,0.039554235130593585,1511.0161790847778,398.1990921342057,0.9701204728335142,0.2142537001919967,0.1993656971026212,0.05980279122302351,1.0,0.0,0.0,0.0,
no_growth,4,nominal,64,3578,46.2,276.8790850639343,15.729293292154228,3556.140625,174.875,0.03658958990126848,0.0034633641410849567,0.036050337861524895,0.008082869462826091,0.3380747362971306,0.042239192638308415,0.10637280816445127,0.11187812565632958,0.8763136770576239,0.005349232142987125,22.847040861845016,2.766719864478794,3.9535005390644073,0.5947408915357325,0.044647963310126215,0.00023176567911822567,962.4658336639404,40.98252598313692,0.6819454003125429,0.03883797421221784,0.14709146786481142,0.0117791969818622,1.0,0.0,0.0,0.0,
no_growth,4,payload_5kg,64,3578,50.3,214.67996469140053,49.60529940681713,3408.0,595.1957927825362,0.08114242539159022,0.08264012140772585,0.07747516455128789,0.019275370800357416,0.27925425791181624,0.04063981546670657,0.2660857297396433,0.20797353583366246,1.519574198871851,0.08036063632310003,24.41452968120575,0.8474191892090579,3.49874622002244,0.4298462593239872,0.08020067430334166,0.0071710796273360515,773.1980452537537,106.75501221746262,0.9320163885131478,0.04075529139366719,0.15418213012162596,0.016381447360919708,1.0,0.0,0.0,0.0,
no_growth,4,payload_10kg,77,3578,55.1,26.93905147542427,25.201963565126608,2498.012987012987,1346.5028044756154,0.6085531982508573,0.16606511322296352,0.1294196489593619,0.05925955525388201,0.21738558475460326,0.08343711838102535,0.5095354151101662,0.38883943573174345,1.2136794324819145,0.37195688232411345,25.94718242001224,1.8956713005272312,2.7564139010070208,0.4454244853715122,0.0514232774700534,0.017880655882998996,825.0513115424615,231.53941567407696,1.0567652203819968,0.07302246892648312,0.14703610442675552,0.0180878856991729,1.0,0.0,0.0,0.0,
no_growth,4,payload_15kg,70,3578,53.2,-7.485747054644993,19.580045253842993,2768.7428571428572,1359.2997311138597,0.9083130121231079,0.10030805397470455,0.08469827488463905,0.07410113986335364,0.16500113082085072,0.11792440023753255,0.5714473022883925,0.4736476808689824,0.5862103422837598,0.354351679981846,24.868479347229005,1.6075030076198533,2.792729500361851,0.6302925424716868,0.02578604385822213,0.015194982518592179,534.86177847726,320.3516701435675,1.0099731709275928,0.06849929474744289,0.1469980714576585,0.027782855880596723,1.0,0.0,0.0,0.0,
no_growth,4,push_x_3,64,1631,22.1,42.860647059977055,22.973483143016793,849.84375,406.3159775483991,0.2615841047372669,0.1331011262418337,0.2275415010517463,0.1152643530284574,0.32676643249578774,0.09102386545999264,0.18359319542287267,0.25419330053749445,1.054959717206657,0.07687477666546459,33.120419055223465,5.7478604562661095,5.421075463294983,1.6566423187156603,0.043209030118305236,0.004757641816196509,1414.3955249786377,217.72132866131042,0.9808258302509785,0.14562158102543948,0.19649982696864754,0.041187521176547635,1.0,0.0,0.0,0.0,
no_growth,4,push_x_5,65,1090,14.9,20.292626072810247,12.248627890743187,529.2,199.6431347429708,0.3711086402718837,0.24078803229746235,0.3625123677918544,0.2625784783198216,0.32969964536336754,0.11679513552384997,0.2622422864911361,0.33876845512545023,1.13117747765321,0.11306204004001486,39.20628283574031,9.3717616691741,7.252099169217623,2.6560840586084584,0.04501963272117651,0.010069567904118953,1496.5534836989182,245.15620342750265,1.0922844785910386,0.20154535220416023,0.22806901564964882,0.05644329072023403,1.0,0.0,0.0,0.0,
no_growth,5,nominal,64,3578,47.5,276.2102344632149,41.51807272764785,3480.734375,469.27263007689436,0.03537274873815477,0.029935194755348348,0.04264155510463752,0.012542648278174473,0.32505847909487784,0.042812771753906756,0.1523151715809945,0.14051457469736198,0.67521055880934,0.025977057403536192,21.813120245933533,2.1297901218438438,3.8240756653249264,0.594873612086453,0.036412047513294965,0.0007450325255932399,955.3686923980713,48.74650408661801,0.6989886108785868,0.06155175437053596,0.15192570444196463,0.015643964289708864,1.0,0.0,0.0,0.0,
no_growth,5,payload_5kg,66,3578,49.8,222.2712052085183,46.37366423665241,3409.242424242424,624.7181040734371,0.06992940734507459,0.05108594079416078,0.08066459135575728,0.014123663505070657,0.27400938737573044,0.03805393040249239,0.27325088231803174,0.1988549818125477,1.2756200017351094,0.052903917619329034,23.9472618970004,1.1778664843975148,3.3315243739070315,0.5527741497810194,0.06812837482853369,0.004835434269852688,596.4130212032434,50.48322841167495,0.9221092290950544,0.030865283765293565,0.1441479128870097,0.01903648015204904,1.0,0.0,0.0,0.0,
no_growth,5,payload_10kg,64,3578,53.9,33.577797199599445,22.662368574978107,3340.609375,695.4060049041467,0.7092167611699551,0.19282774462773458,0.08143848029430956,0.04343251544208632,0.16179146952345036,0.08407957929118871,0.6819330332255049,0.3302312637384605,0.7811804747907445,0.41625552241041736,26.043105840682983,1.3559409976785985,2.7316755410283804,0.4346615722907328,0.03180632910516579,0.018368808722504064,620.2561115026474,464.98373219800067,1.0542749827727675,0.0464033726538466,0.1417035177582875,0.02341637850997994,1.0,0.0,0.0,0.0,
no_growth,5,payload_15kg,64,3578,55.2,6.857368699274957,20.64839146451844,3478.0625,561.4137448060412,0.9762903228402138,0.02377408052832718,0.02610142571211327,0.03298632499185499,0.13185277339289314,0.11524166860198272,0.6738139323424548,0.448626446100856,0.18863023887388408,0.15853013838668942,24.313205987215042,1.9424714318961052,3.3298632707446814,0.9961985503263383,0.009264731610528543,0.009986512816280824,210.37467622756958,339.6436278954076,0.9949689600616693,0.07049444172205847,0.1684188504004851,0.041409488884049626,1.0,0.0,0.0,0.0,
no_growth,5,push_x_3,64,1159,15.9,28.61194708943367,13.761969311897492,562.84375,224.67247546185698,0.2484371059690602,0.13078803693581992,0.21830681536812335,0.08211114127088136,0.3036609999835491,0.10696496487242309,0.3075371173181338,0.36181123722658814,0.9142260644584894,0.11036265654481087,30.928678512573242,5.974264472616398,5.46588534116745,1.4921865028510652,0.03966352532734163,0.00609442167641742,1391.6620635986328,196.71308550584135,0.9482575058937073,0.14676679228761583,0.2102570361457765,0.03815844757689631,1.0,0.0,0.0,0.0,
no_growth,5,push_x_5,65,797,11.0,22.338689765563377,10.99993405618895,459.9076923076923,148.3055042678924,0.3262706447679263,0.2415489259474807,0.24149382687531984,0.1742103613628028,0.32553894634430225,0.11050480028334099,0.27739950641273303,0.349796076499123,0.9427801233071548,0.11501265036091018,35.04213940547063,7.7565417857426375,6.353531743929937,2.4027061853790754,0.04246356066029806,0.009435356572008459,1500.3661940354568,426.9624120798403,0.9810561491892889,0.1811603764113242,0.21720718030746167,0.05060442913789346,1.0,0.0,0.0,0.0,
no_growth,6,nominal,64,3578,47.5,292.65488290786743,11.10207596938704,3578.0,0.0,0.026472713594557717,0.018538670634087477,0.03156236631912179,0.006773734767475758,0.32226721849292517,0.0426867284749128,0.1687657216898515,0.1541777809638678,0.5893522994592786,0.026090612296871242,23.53178945183754,2.0472847296852854,4.162717830389738,0.5697562477686576,0.02984017360722646,0.0003497413519907994,713.8748664855957,87.35455417079484,0.7257697265595198,0.06839146012366142,0.1463134742807597,0.01611416766535887,1.0,0.0,0.0,0.0,
no_growth,6,payload_5kg,64,3578,51.3,234.9963617026806,34.18505686876024,3578.0,0.0,0.06754889557487331,0.11084458559679798,0.08863041584845632,0.01449850299650208,0.26895963051356375,0.04246953276796293,0.29853444570653664,0.22149728570413346,1.0789807722903788,0.11052539762959872,23.283003598451614,1.098365026188369,2.290316278114915,0.47383438962027913,0.04699167201761156,0.005850988028465454,640.854819059372,89.84651204938663,0.8895440641790628,0.038623034383549554,0.11122485785745084,0.012956054362835758,1.0,0.0,0.0,0.0,
no_growth,6,payload_10kg,71,3578,55.8,22.388084237634295,27.020264287205606,2965.0845070422533,1136.6042752298729,0.6818739750855406,0.18777048603986263,0.11138545420073287,0.060883594307434855,0.16349606892146484,0.08465048974676206,0.6806785735813244,0.35229776922034733,0.9022938253384241,0.3995933549878609,26.371859563908107,2.353918865436797,2.4993452219895915,0.5596062690928517,0.029388247077471355,0.013396675054168342,734.2044744357257,422.02906165825686,1.022915178621319,0.039948521363968044,0.12724977705470272,0.021160281692970663,1.0,0.0,0.0,0.0,
no_growth,6,payload_15kg,72,3578,55.6,-9.626698298586739,25.549652243146912,2600.8055555555557,1386.1463516302003,0.9663066739837328,0.04397428558399533,0.07072838840799199,0.06540891041005542,0.161613308405827,0.12194092309122884,0.5851732322617964,0.4600156585917046,0.5612594926626318,0.41309448084037914,26.518572515911526,2.5253977954677733,2.799359945787324,0.6853686755403686,0.023696524016688474,0.017680822623934018,651.4371479882134,584.4511390530342,0.9914381114972962,0.04090593426471949,0.1308011296722624,0.03027841906902159,1.0,0.0,0.0,0.0,
no_growth,6,push_x_3,64,1500,20.7,31.63897123094648,20.016785310270667,655.890625,310.5582335386566,0.3115161422174424,0.18645741854166883,0.24150237499270588,0.1255493118412718,0.31829706323333085,0.10800905354637404,0.28567344071052503,0.3595001429052898,0.9351224917918444,0.16336398071319844,32.04336357116699,6.803104181288961,5.306870713829994,1.7628646424683616,0.03385992092080414,0.005790268439535862,1375.5427951812744,420.03077936084156,0.9988113008439541,0.1285826657298101,0.2012198492884636,0.03369548337187137,1.0,0.0,0.0,0.0,
no_growth,6,push_x_5,64,961,13.4,21.217701744288206,12.42307929363181,496.203125,157.460015553206,0.3316877779434435,0.23338772577650607,0.2732431950280443,0.2125534823185567,0.3382131040561944,0.10774467449497815,0.23110112868562283,0.3376925663121282,0.9804914891719818,0.1159427786788844,39.70463189482689,10.589519633614508,7.188507631421089,2.7964432130375814,0.039567962201545015,0.009598907905355855,1594.1097898483276,762.6330159541458,1.1542353117838502,0.19775139532065203,0.24152718181721866,0.061224598161889056,1.0,0.0,0.0,0.0,
no_growth,7,nominal,64,3578,47.4,291.8720369338989,12.948586577307523,3562.4375,124.5,0.022549815679667518,0.006685903971941614,0.04077534785028547,0.005557868990863817,0.31944631319493055,0.0378582699500792,0.15042199635354336,0.11648593287575067,0.6663932194933295,0.006101123229108802,21.89084392786026,1.506887480039954,4.3647785522043705,0.47144399166840656,0.03746045916341245,0.00043386330034027206,683.0159025192261,27.14686153124283,0.6759090460836887,0.04227329009860873,0.1583157521672547,0.011523223789629422,1.0,0.0,0.0,0.0,
no_growth,7,payload_5kg,64,3578,49.4,240.8265357017517,23.492225446254107,3545.78125,211.69515884350727,0.05028299827245064,0.02466341865951299,0.07706340705044568,0.013087639498567184,0.2714280525688082,0.03495170940018811,0.28497479816178384,0.19391074127151744,1.3232900947332382,0.02427936766246893,24.28157576918602,1.1008040025471546,3.7100444324314594,0.5226470554313634,0.07296693319221959,0.0041462042480869855,610.4786648750305,86.20859527986103,0.924564903602004,0.030761505601228468,0.16060419369023293,0.01660321041521859,1.0,0.0,0.0,0.0,
no_growth,7,payload_10kg,64,3731,57.4,29.84457001485862,30.328320755115346,3178.046875,872.1671135501117,0.5852136788889766,0.17175335787799312,0.11782931259949692,0.03235129283029129,0.18662073981249705,0.06989715225496317,0.6065116678946652,0.31668453286451814,1.127905881498009,0.23463868754900408,26.230172127485275,1.9160742307798675,2.5926046147942543,0.5669285893040495,0.04420229581592139,0.011225607757290807,998.8600974082947,347.55371332796824,1.0461034821346402,0.04115839883398785,0.13038581993896514,0.021384064361530643,1.0,0.0,0.0,0.0,
no_growth,7,payload_15kg,71,3578,54.9,-11.805579983642403,17.807689247130543,2653.521126760563,1337.2472456415292,0.956506588929136,0.048485437842139364,0.07495812225011243,0.05338083294944723,0.16230700803083584,0.11901949982120771,0.542416368138937,0.47462072272344785,0.48450867191586694,0.3098871165213606,25.90269564239072,2.46237164094969,3.375700836450281,0.8762147315532016,0.022463776807392567,0.016109289621761856,540.8465378989636,347.9433383430564,1.0085471289258607,0.05836492075388018,0.15926444771843898,0.039603493784052826,1.0,0.0,0.0,0.0,
no_growth,7,push_x_3,64,1229,17.9,31.229338807053864,16.64598807893993,599.171875,257.20373955460485,0.26865293155424297,0.16829819437942314,0.2179410703247413,0.09751915310164058,0.3223376958630979,0.10526778526434233,0.25620521944074426,0.3390475407498289,0.8526393426582217,0.08451127628994161,29.216118067502975,6.177713824748341,5.092362824827433,1.7719377759944126,0.035680976579897106,0.004391667812953426,1302.0800151824951,458.7634932372696,0.9097478613257408,0.14021019046627092,0.2047178593929857,0.03991087337889815,1.0,0.0,0.0,0.0,
no_growth,7,push_x_5,64,805,11.1,19.74253943678923,14.979371936671035,474.34375,175.36376874625182,0.3462303671403788,0.23608582362824818,0.23819116497179493,0.1662210726215335,0.3234566392493434,0.11662857160606815,0.2608936149190413,0.34969687164163665,0.9695035433396697,0.2778308896709808,34.610114097595215,9.758389015492291,6.305036041885614,2.7794959003095996,0.03824553216691129,0.01395894379651406,2167.334650993347,4748.531393302908,0.9668139151763171,0.2131181806529052,0.20897065271856263,0.0482939268315176,1.0,0.0,0.0,0.0,
no_growth,8,nominal,64,3578,46.7,276.4589412212372,22.821439239174346,3532.171875,257.26408855477797,0.038032271200791,0.005500984155916475,0.035641775059048086,0.005390136837615557,0.3074041602667421,0.04240446927033282,0.2187047715360677,0.18685517375610575,0.7343308944255114,0.013645284598305269,23.49124613404274,2.6786128315856943,4.514894213527441,0.7714979887966029,0.04098337941104546,0.00047326446413882887,910.277569770813,27.07113605527936,0.6931782485917211,0.04754276141799416,0.14984992868267,0.01097670301493081,1.0,0.0,0.0,0.0,
no_growth,8,payload_5kg,64,3923,56.2,207.6248471736908,65.66692116155825,3205.046875,912.3129585157681,0.07355645959614776,0.10311860141787768,0.08162710547912866,0.013399197233445943,0.24830300407484174,0.04674022739379879,0.3720148913075718,0.2620393309801015,1.2650113683193922,0.12229369371581476,23.002374827861786,0.7641141465211563,3.0742735229432583,0.5624199778850206,0.05943526592454873,0.006729159013339743,664.1306304931641,86.65595523184385,0.8789629517123103,0.025330934587239545,0.1444210889749229,0.01722965005500619,1.0,0.0,0.0,0.0,
no_growth,8,payload_10kg,77,3578,57.6,15.400404455212804,22.57692973063716,2127.194805194805,1390.1330023358141,0.7217099531130358,0.16078264105571483,0.10113425730642947,0.05139407890551015,0.1739299131146112,0.10400791761773144,0.628439200600585,0.42582615227164705,0.8774618175509689,0.33500800161679944,23.542631743790267,1.0591161868914631,2.2304155238263017,0.5697295263558998,0.03287459848835677,0.0130586976771649,1040.93589267483,855.5327223396669,0.9801883302725755,0.03876662541996496,0.12979396002052665,0.02913296870784507,1.0,0.0,0.0,0.0,
no_growth,8,payload_15kg,77,3578,54.3,7.540753491513141,28.664577563533783,2287.5194805194806,1558.8726747437986,0.9637208023628632,0.0679140365837384,0.06784872200594029,0.06600859783920651,0.167267222522891,0.12092101638211794,0.5470045621305789,0.48347020925184747,0.38889420257470053,0.2809008436204906,23.046969079352046,1.3225277832182907,3.036521448717489,1.1394447431430457,0.01862667280388391,0.015061352215209987,671.564939505094,1102.4795325626608,0.9549743672469994,0.04375375142005309,0.1624700758944858,0.047944649696091614,1.0,0.0,0.0,0.0,
no_growth,8,push_x_3,64,1204,17.4,28.40057583525777,16.17338983782791,583.59375,276.32547629418167,0.36010664992500097,0.25141197839107843,0.19732269685482606,0.0861083002433916,0.323354534804821,0.10874952947506751,0.2845079942344455,0.3820172755965761,0.9819836979731917,0.13107461369053605,30.699912428855896,6.832179730512501,5.068406451493502,1.860967435277918,0.03866174686118029,0.005551238351544637,1355.1361827850342,243.38300706158068,0.8854779312387109,0.1497626221245298,0.175094595993869,0.03948375032499387,1.0,0.0,0.0,0.0,
no_growth,8,push_x_5,64,807,12.3,20.75224083662033,8.448588917647994,460.578125,130.43392837992363,0.33639152185060084,0.23261356757615986,0.23101970920106396,0.15468179432638104,0.32918152515776455,0.11405036164039589,0.3065778764866991,0.41698388538116526,1.0141162415966392,0.14745704887886874,34.21170699596405,8.241748125237699,5.913744159042835,2.3371413218474584,0.04172983969328925,0.009489113744739595,1364.907063484192,282.5948148036574,0.9053636780008674,0.1734764813092197,0.1785380512010306,0.04730646877886783,1.0,0.0,0.0,0.0,
hard_terrain,1,nominal,66,3578,52.4,98.86756122473514,70.46653504244705,2335.939393939394,1189.1190906107813,0.4092834676813447,0.3039201987952994,0.08800305414831999,0.04714985744337477,-0.06422452944697755,0.5629809297267077,0.49331185849256476,0.40407136538250105,0.8359255515264742,0.25404848993783224,27.30620378436464,4.315513178950927,3.5848363240559897,1.144438621123968,0.030318532844610287,0.009953008359916582,2129.99907060103,658.9773593627064,0.8616839493765975,0.04243381831460415,0.12985625727610153,0.020080557176423323,1.0,0.0,0.0,0.0,
hard_terrain,1,payload_5kg,67,3578,55.0,85.7663959211378,42.361133209049406,3181.0298507462685,928.944676079606,0.6460577461368112,0.29958509340944656,0.05189207620195933,0.03843780892202808,-0.10476061724015136,0.6534564860223906,0.7234027287088779,0.3561965126654783,0.7507970913021422,0.5531312184352631,26.25617736133177,4.1453176476764515,2.783391279960746,0.9275908519454455,0.029837453266981045,0.023339895646191162,798.5574577673158,709.3982954777703,0.9709253462392893,0.046518007839689596,0.11464864360307579,0.015562369913414434,1.0,0.0,0.0,0.0,
hard_terrain,1,payload_10kg,64,3963,57.9,73.19640486314893,32.76177786338309,3427.0625,686.0186696288703,0.9725535837933421,0.04156021724027275,0.02262258035625564,0.021478498431962412,0.09070188395708101,0.8191213540135194,0.4753179153849487,0.49552545679211796,0.15789536596275866,0.12215186811474096,22.571763455867767,1.618840080907171,3.255072057247162,0.7218321526477752,0.006986769249124336,0.005334369072038938,547.7856806516647,1106.1846968535356,0.9263194222003222,0.04724525725427074,0.15953403699677438,0.02779226988463823,1.0,0.0,0.0,0.0,
hard_terrain,1,payload_15kg,64,3578,52.6,13.191026396118104,36.09922719459924,3424.9375,695.738316866015,1.0018539940938354,0.009691530711444286,0.022053450633393368,0.019507008037124293,0.14157274216540827,0.8243237604693597,0.47610396915115416,0.49662844462527994,0.15376166009809822,0.12164054021202556,22.262516796588898,1.3703990853695338,4.101431366056204,0.6401903250224933,0.008413606314206845,0.005800756154034531,278.60625472664833,761.7468876990648,0.9368430012837052,0.02568469292872587,0.20148376538418233,0.036267374415556115,1.0,0.0,0.0,0.0,
hard_terrain,1,push_x_3,64,1134,16.9,16.994308361783624,11.86595411470735,538.5625,237.67711023604846,0.3404518597526476,0.21738192354381425,0.1668312576948665,0.06411102791520859,-0.017409330001100898,0.8235001351438496,0.5309337268190575,0.4824595287936844,1.111445545218885,0.1434256581085371,29.39389219880104,5.835741962130442,4.1511350478976965,1.8448334778119018,0.03493845189223066,0.007285912199571123,2639.6438579559326,582.1232712379771,0.9229845143854618,0.10931643092673093,0.15212711202912033,0.034943322123711845,1.0,0.0,0.0,0.0,
hard_terrain,1,push_x_5,64,758,11.2,10.336787162348628,11.478889090184426,407.671875,126.43789550071922,0.3613849924877286,0.24532951589162885,0.2214997477713041,0.13768706096293323,0.13594624074175954,0.8077651190337023,0.4573896829424484,0.49504485271145654,1.2199941528961062,0.18324842003763328,34.04693228006363,10.186176557930622,5.399191351607442,2.9572968128289574,0.0402746019535698,0.010607515277563028,2782.2119789123535,684.3168349407974,0.9742152746766806,0.16759534854677613,0.1729366600047797,0.05118344835920356,1.0,0.0,0.0,0.0,
hard_terrain,2,nominal,64,2438,35.7,28.463963471353054,22.439423884739558,777.828125,441.99606960428383,0.23779664997709915,0.15644158867534097,0.15191090281587094,0.05551490590224869,0.5988846588879824,0.741840740151468,0.2365981136681512,0.3646858188197837,0.9972504200413823,0.10816890675099941,28.024374663829803,4.28622891029213,4.036556098610163,1.1011827367429907,0.0435697671782691,0.00711503703494698,2907.080114364624,405.2472774488334,0.8740490712225437,0.08797833607684764,0.1664234393974766,0.029106210093943406,1.0,0.0,0.0,0.0,
hard_terrain,2,payload_5kg,76,3578,51.5,88.9417946464137,52.74559680568648,2491.3815789473683,1377.3747683387192,0.70457993036038,0.31742504962807416,0.0619301702765944,0.06236699603539113,0.31775393758557346,0.817263883158887,0.37827335178888843,0.4548052934010409,0.5716597918470047,0.5662768779190375,23.43225373719868,4.002864527058326,3.366956862964128,0.7197351346501953,0.025584430283695263,0.02507424293785447,730.6005931402508,762.0790132212546,0.8893878122693614,0.1112861237549889,0.1645130142569542,0.02844975046741066,1.0,0.0,0.0,0.0,
hard_terrain,2,payload_10kg,65,3578,54.3,66.74562455324026,28.832398508438143,3414.6,628.6918412465682,0.9974613391436064,0.012007054699506097,0.025273390257587798,0.024485778876116773,0.17430899037191502,0.8330914613271504,0.44678591393794004,0.4992645270069926,0.1390986191538664,0.11707063788672685,20.479960309542143,1.2351686222262876,3.5345486017373893,0.7719197120129182,0.0063796448592956245,0.004864144723925432,131.60453209510217,113.67512168882328,0.8830559281202462,0.049170453328125745,0.18348149072665434,0.03645287010065903,1.0,0.0,0.0,0.0,
hard_terrain,2,payload_15kg,64,3578,55.8,23.882016472518444,26.11676623981375,3578.0,0.0,1.000603238120675,0.0029660694437003573,0.010846400982700288,0.0168095014800383,0.11466731252312456,0.8214101612505574,0.5623427896061912,0.4941707415557831,0.06768374337116256,0.07992742504730725,21.025303781032562,1.0205090803795116,4.181592606008053,0.4374127986378414,0.0034795677684087423,0.004170347846801729,63.162982016801834,73.10435832721218,0.9045362146571279,0.028367264488884436,0.22662461991421878,0.030786187632926006,1.0,0.0,0.0,0.0,
hard_terrain,2,push_x_3,64,1115,16.4,15.27303946739994,8.731252534284799,503.328125,224.89045338080805,0.3647664606105536,0.20424946426649143,0.19601919071283191,0.07432878798442846,0.3233872796408832,0.799250923791068,0.35387406434165314,0.44865075520064657,1.0329671802464873,0.195250136536267,30.942452162504196,5.9808740833832745,4.738091412931681,1.606874795664367,0.04121989590203157,0.009923699545833083,2652.001160621643,601.9199153818586,0.9459287561476231,0.13801557059754374,0.17880656861234456,0.03979276845941608,1.0,0.0,0.0,0.0,
hard_terrain,2,push_x_5,65,755,11.6,9.944594627160292,7.170503174160903,387.4153846153846,138.4509042390673,0.39888232946395874,0.24974742047979162,0.24863124249073176,0.1466223910750221,0.25326751791513885,0.7840134761703752,0.3676434354426769,0.4584420041450459,1.1341477306989522,0.27109154288640014,36.82778531588041,9.814328890075915,6.368062760279729,2.7088276006001086,0.048463747227707736,0.024082734355120428,2669.3756850022537,585.5864304195599,1.0166457157868605,0.18338026729156037,0.19569562788193043,0.053362620520319703,1.0,0.0,0.0,0.0,
hard_terrain,3,nominal,64,3578,53.2,149.16212806105614,47.74055726938839,3263.109375,777.4885313743546,0.5854765413678251,0.3578794502520992,0.05264770323083212,0.04335106553492543,-0.135401388281025,0.5649428187887474,0.5189393244836538,0.4078751995787508,0.49474841365008615,0.3687414525750643,25.551714673638344,4.4831796016938945,3.8402182683348656,0.7280110041621023,0.02363817569857929,0.017629786892778533,1617.4534421265125,1243.211553017248,0.7627913365140557,0.06810547535971744,0.14712768758181483,0.017249884147411153,1.0,0.0,0.0,0.0,
hard_terrain,3,payload_5kg,75,3578,54.1,90.64143179575602,49.95110252037821,2819.213333333333,1198.8666302458823,0.6087069016695023,0.3081578916891717,0.059046387743825715,0.04759725471455377,0.12800411860148111,0.7655898880441221,0.5400462947040796,0.42425541282655393,0.7574060700212916,0.5554626395684166,24.984314676920572,3.0620557445290837,3.1276728471120196,0.7355925529505211,0.0349327028542757,0.026455343325916873,1082.6998878097534,876.9519313956863,0.9527593771616618,0.0694878213296829,0.16525394121805828,0.023792555977356137,1.0,0.0,0.0,0.0,
hard_terrain,3,payload_10kg,64,4037,61.1,67.42366025224328,22.25276595736132,3529.265625,390.12904833549464,0.9638726282864809,0.04911237879914779,0.023378596266411478,0.016988302668294056,0.12656804256766918,0.8169345927275108,0.49231414127461903,0.493847302281195,0.17394806680385955,0.1467620104310542,22.53959384560585,1.4829416395329407,3.472552787512541,0.6698965852034252,0.00719979956465977,0.005250847119210016,345.30585274100304,973.1519010464381,0.948751981370151,0.042178775552062994,0.17970209545455873,0.02601272783701292,1.0,0.0,0.0,0.0,
hard_terrain,3,payload_15kg,64,3578,51.8,25.58587158843875,26.178979267269323,3578.0,0.0,0.9998849760740995,0.0029435960991007204,0.008466198374662781,0.006596044100991187,0.11063912490135408,0.8290806107460217,0.5295687174366321,0.4958542995977697,0.057549727061996236,0.035836160972203754,21.898617953062057,1.2677450580323586,4.553647089749575,0.889106131916967,0.0029359706513787387,0.0016331035209864514,58.88047340512276,42.402618172782496,0.9275237042456865,0.026749865529101698,0.2288168747909367,0.04578803146402395,1.0,0.0,0.0,0.0,
hard_terrain,3,push_x_3,64,1520,22.8,22.06394810974598,14.14693935208073,729.6875,376.9737844028204,0.42889721773099154,0.25907601357352233,0.2004550324054435,0.09670668284455686,0.1671357045415789,0.8451438386678036,0.4528045235983882,0.48015672624869876,0.9813551572151482,0.25389888685907813,30.279001146554947,6.310418562000803,4.396386779844761,1.6933508770720687,0.03585569451388437,0.011113004024329468,3045.7029333114624,1053.9948823380346,0.9047366362065077,0.1336281905465687,0.15351109683979303,0.038963336317115536,1.0,0.0,0.0,0.0,
hard_terrain,3,push_x_5,64,883,13.7,9.111877073533833,12.202815675209003,505.21875,183.71047517895158,0.49242931429762393,0.29969808094866124,0.2819648472359404,0.20090246746332435,0.22843550820834935,0.8224304255170938,0.4553985427664884,0.47687170257530076,1.081338276155293,0.2186575793179145,34.51652067899704,7.703313129142552,5.48302386328578,2.3092984708590274,0.03846775685087778,0.009812177720312891,3255.3215322494507,1003.9247338259391,0.9671882297843695,0.1391484836711829,0.1717983310809359,0.04269185010973752,1.0,0.0,0.0,0.0,
hard_terrain,4,nominal,84,3578,51.8,82.3457997061667,72.52334426562346,1774.404761904762,1353.1985946650836,0.3344648224745123,0.2951522264085214,0.0957170127380994,0.04646986909149974,0.13439550136570774,0.7149386159087215,0.424616589834581,0.42346674066778456,0.9498043510885466,0.3791445454968026,27.185236703781854,3.745670894999246,3.624063743012292,0.9590669482455084,0.03768906438545812,0.014784828000100966,2649.8168244134813,1208.8996875792973,0.8456329376924605,0.057286937441809876,0.14348439490866094,0.018535496531874324,1.0,0.0,0.0,0.0,
hard_terrain,4,payload_5kg,73,3578,55.3,84.95035499742586,43.98007892472487,2848.1643835616437,1162.6216783834648,0.5952035184592417,0.3027097178756698,0.07456877235042518,0.049799957833960413,-0.08305812851615148,0.6054898599610262,0.6203128655683504,0.3735073525637349,0.9532291628930667,0.5934167068544485,28.100860125397983,2.2718140965849165,3.1954298411330133,0.5435332525845786,0.04285195460287879,0.03073484377262069,827.5779532863669,546.3703137776758,1.0047321548200634,0.039515929769157986,0.12491092371614013,0.014246694688310534,1.0,0.0,0.0,0.0,
hard_terrain,4,payload_10kg,64,3578,54.4,55.19083064049482,22.97829695525616,3578.0,0.0,0.9509582985192537,0.030959132182348834,0.019756856752792373,0.01340210296599423,0.07731148866150761,0.7742140279664829,0.5461107824085047,0.48490483251133654,0.22676203586161137,0.10987665286602888,24.24786412715912,1.382888744355512,2.0906057711690664,0.44648201001148624,0.005753740420914255,0.003359010339942652,224.26389133930206,396.11092596654635,0.9786659460514784,0.035467224544213256,0.107227424508892,0.017850976403359153,1.0,0.0,0.0,0.0,
hard_terrain,4,payload_15kg,64,3578,51.7,49.168259993195534,21.07831533067897,3578.0,0.0,0.9900288349017501,0.005204054075318074,0.005646592887387669,0.003198607921306993,0.08215282543824287,0.8247071387971584,0.6245414695749787,0.4803290619247365,0.08187428739620373,0.03019511072180587,22.947109162807465,1.0079629348230175,2.447173308581114,0.5194730413843175,0.0028848478932559374,0.0030971577547237433,83.87409049272537,57.487430986485144,0.9415742987766862,0.0357904152848515,0.12531107908580452,0.02734960167038677,1.0,0.0,0.0,0.0,
hard_terrain,4,push_x_3,64,1145,17.3,16.178808709373698,13.085135891248266,561.859375,279.46637740735554,0.4183537025237456,0.2106804420057337,0.1944687447976321,0.07667714961807312,0.11639174958691001,0.8174409269444022,0.5189508152834605,0.4770557383132524,1.1848875200375915,0.2378664806550853,30.039077579975128,7.198124364414237,4.151613539084792,1.9248912168758778,0.038307808310491964,0.009852261716691825,2975.752712249756,839.119346874313,0.9169275602325797,0.10476260831789574,0.16518435557372868,0.029805130795131928,1.0,0.0,0.0,0.0,
hard_terrain,4,push_x_5,64,773,11.2,7.680369628942572,9.953170927426386,406.296875,152.16090894938026,0.44887911435216665,0.2928071577363163,0.276961439056322,0.1949023871271356,0.246236530598253,0.8031856593668824,0.3904430896145641,0.4722664724325852,1.3026829604059458,0.2473501997715401,35.96345439553261,11.263807469673178,5.869640685617924,3.066424751499606,0.04300626183976419,0.01992838701616028,3213.296937942505,844.8330894551286,0.9547617668285966,0.15723137312887858,0.1693480903049931,0.03788183364461589,1.0,0.0,0.0,0.0,
hard_terrain,5,nominal,67,3578,51.4,127.48867074233382,62.59457282798088,2840.089552238806,1164.174642362345,0.5139046924105332,0.3402614275176248,0.06286803649655029,0.05262502942830189,-0.06014182012781862,0.578916304066652,0.4743118394034178,0.41313201002077304,0.6390332915444872,0.39133679223253376,26.131716856315954,4.045486234981606,3.3334642879998504,1.022489440305642,0.02728289711886822,0.015503671647271608,1609.4658244118762,1082.5082579811806,0.8245475052007988,0.06501326698722197,0.13124879849935644,0.018656365559379225,1.0,0.0,0.0,0.0,
hard_terrain,5,payload_5kg,64,3578,53.4,105.98738431185484,40.68350960081709,3246.96875,891.4729378999323,0.6439449961762875,0.31534217943260234,0.04774507870024536,0.03705782434000994,-0.08034611975745065,0.6579507836796133,0.6923081606510095,0.36027311039910576,0.7096625202684663,0.5761392050797374,25.104847133159637,3.154233194496181,2.7064024861902,0.7136905527928431,0.029174320270612952,0.024066595798816957,684.0708727538586,640.7508838599971,0.9659057725220919,0.05292380289614119,0.134716353029944,0.02127175987472897,1.0,0.0,0.0,0.0,
hard_terrain,5,payload_10kg,64,3578,52.2,70.64756834506989,25.294969471667237,3578.0,0.0,0.9800662901252508,0.017657571426837826,0.014980607687903102,0.010376797191343344,0.12623303935833974,0.8102354164211877,0.4958513838646468,0.4910237318818418,0.13313238890259527,0.08782975113647157,22.640377700328827,1.2839230712735226,2.477709038183093,0.6634108720609546,0.0036023391203343635,0.002821643617242162,180.11194652318954,468.3067285521496,0.9429926443845034,0.04776976299057686,0.13656829297542572,0.036447642929283625,1.0,0.0,0.0,0.0,
hard_terrain,5,payload_15kg,64,3578,52.5,34.937091994914226,26.441590047650838,3578.0,0.0,0.9962205141782761,0.004502710523732094,0.008354914345545694,0.007370079526556491,0.09932948547793785,0.8256359877539745,0.5901079505456437,0.49119391613602364,0.08309991104761139,0.06461061106942866,22.42852184176445,0.9430020609417036,2.800501335412264,0.615899982078569,0.0032834962348715635,0.003684964373735173,91.2444180548191,84.32999339555178,0.9373254049569368,0.03362577859588784,0.16260928008705378,0.035472278808700526,1.0,0.0,0.0,0.0,
hard_terrain,5,push_x_3,64,1371,20.5,15.2244519200176,12.697488286502459,594.1875,288.79200374763053,0.401982509996742,0.21123174577001025,0.22634647437371314,0.11277662493931616,0.13478467799723148,0.8646785472958075,0.46246946460451,0.4765628552153334,1.1399022140540183,0.23256580278955255,31.104947566986084,6.8411780889730425,4.258667962625623,2.0001207956068505,0.03639973280951381,0.009281026503119637,2775.645586013794,958.4986301631837,0.9496253710240126,0.15328233496242527,0.15202694397885352,0.04783746356599559,1.0,0.0,0.0,0.0,
hard_terrain,5,push_x_5,64,848,12.8,8.443897731602192,10.98237898113739,458.390625,163.25601835694115,0.4854422732023522,0.3598222407231202,0.3080596082145348,0.2774852304861061,0.2562076395843178,0.7718573358780966,0.3919814291912189,0.46892905024599246,1.1969711733981967,0.1959683811894883,32.85539981722832,9.664866653808927,4.81843482144177,2.745279167102988,0.03965088144468609,0.007948644156676381,2679.903772354126,874.2616203391028,0.9654385540634394,0.14671825893358384,0.15682450763415545,0.04332379934805542,1.0,0.0,0.0,0.0,
hard_terrain,6,nominal,66,3578,51.7,144.17702732664165,50.72575493778999,3218.257575757576,844.7067094215155,0.5805604593320326,0.3357713434889183,0.04610947005902276,0.04379644423731482,-0.07977427697562345,0.5421115211978963,0.48887498330882273,0.4160908966636186,0.5628978071564977,0.38395116035199234,25.342502767389472,3.7060260106188854,3.2831408363400083,0.7533527584338551,0.027842464613389562,0.02093134699123293,1323.760392853708,974.8728231255594,0.8206401440230283,0.04960409780758671,0.12680167287136568,0.01794828102547258,1.0,0.0,0.0,0.0,
hard_terrain,6,payload_5kg,64,3578,54.6,110.31784841418266,33.066839332741615,3487.46875,434.40066242568395,0.7350312609341927,0.2704091147837988,0.034486761047446635,0.03094846866796342,-0.05783791292924434,0.6371477841808555,0.5995633812963206,0.38753090570062576,0.5671253949694801,0.5140100838728859,24.61148351430893,2.770154955065554,2.5866508465260267,0.4100792536910355,0.02736351356270461,0.0273748230995781,529.5132853090763,496.0739295578062,0.9521469725295901,0.05833781792958684,0.12829973257612437,0.01622853085945552,1.0,0.0,0.0,0.0,
hard_terrain,6,payload_10kg,64,3578,52.3,66.2613641731441,20.604838901527298,3529.59375,387.25,0.9639411102980375,0.04860515229331039,0.022543005274201278,0.017395632110635512,0.12804262143617962,0.8118949310138942,0.4702959046844626,0.4993021652697953,0.20505908783525229,0.17813501051918107,22.634075671434402,1.2106698543503107,2.4034903924912214,0.5672391821742363,0.006255036851143814,0.005027586872290176,152.90892180800438,146.8558114322054,0.9467634102329612,0.034556466491518736,0.13166949851438403,0.028055305757376803,1.0,0.0,0.0,0.0,
hard_terrain,6,payload_15kg,64,3578,53.4,33.36113675311208,35.10567071177814,3578.0,0.0,0.9970156205818057,0.0035731681865978342,0.015284206079741125,0.016527952034425943,0.10898847307134929,0.8190521528423726,0.5509319105476607,0.4883682308634082,0.10704943482414819,0.09271553016300847,21.3524731695652,1.0796530323515645,2.8681111447513103,0.6742428861772681,0.004232818928358029,0.004437364705565684,95.98444199562073,110.9644906857761,0.9128888435661793,0.032909944607949326,0.1557056837482378,0.034801874378862736,1.0,0.0,0.0,0.0,
hard_terrain,6,push_x_3,64,1473,22.7,23.5356377735734,15.458411849079424,743.984375,331.59755164946654,0.47818886500317603,0.24956866711342962,0.17237582663074136,0.08740182697930252,0.10331571940332651,0.764702079628713,0.4311226204245031,0.47493999609379095,1.010691575706005,0.2230973175865036,29.67627638578415,5.742564598612309,4.084803301841021,1.4895179505865785,0.03757943125674501,0.012982111973892266,2417.479564666748,741.1141210569405,0.9260927019640803,0.11341970276591656,0.1530563256237656,0.03124102087119148,1.0,0.0,0.0,0.0,
hard_terrain,6,push_x_5,64,1083,16.2,10.645936002023518,12.849732426291675,511.265625,202.3042845851465,0.47577994607854635,0.2815869136553327,0.23058690538164228,0.1392274561369444,0.3062133842613548,0.7583386053375216,0.3648031178454403,0.45537250723263917,1.1645360058173537,0.21167445455884967,34.37847191095352,8.203767231235812,5.464204793795943,2.2882773058062527,0.04415032964607235,0.012761608873095544,2911.93355178833,914.6164256160645,0.9505185671150684,0.1291984129893846,0.16791663493495435,0.040418374223645914,1.0,0.0,0.0,0.0,
hard_terrain,7,nominal,78,3578,52.5,102.18380422775562,63.96079450561606,2523.128205128205,1313.7254685536877,0.45360423094378066,0.3650595101985535,0.062409317622391075,0.033213558677915554,0.16246595232484815,0.7533886150539403,0.39981750965130347,0.41288628097199637,0.7569435689693842,0.38429475395487755,26.035033715076935,4.172322780361111,3.6527870985177846,1.0206591172767736,0.0351743130132747,0.014808192680545585,2721.812924898588,1498.8834444506099,0.7878557718717135,0.06355518077104602,0.1496312802609725,0.02245763324009,1.0,0.0,0.0,0.0,
hard_terrain,7,payload_5kg,72,3578,54.2,92.65066276987393,54.039153917263775,2826.277777777778,1177.291080383234,0.5549578451965418,0.31606680495127115,0.070675192724189,0.047941008839556445,0.021388915684332863,0.7118333148520122,0.5509665001106138,0.3898596791596866,0.9873594658242332,0.6082097168925416,25.848826540840996,2.585642055707199,3.0506464309162564,0.5140037924638955,0.04401311776988829,0.02808855058932204,1012.3211091359457,720.5775898708927,0.9539191913273599,0.05483687141878196,0.14275097370975548,0.017588301339240157,1.0,0.0,0.0,0.0,
hard_terrain,7,payload_10kg,71,3578,54.5,54.97948824960581,34.40007182126131,3016.943661971831,1144.6956786765138,0.9134446462275276,0.1277631103382264,0.04752939521715465,0.051126159221131014,0.19971253818661813,0.8120676596212016,0.4895480157705811,0.4668248540485096,0.3748940163305108,0.3676724032374666,24.503781976834148,1.938334868294475,3.1215636797354254,0.8298917932208075,0.011632770726221129,0.009999090349369353,462.1976926024531,622.8821132072889,0.9630296759202447,0.05883592028198191,0.14691984926311064,0.03620899321518393,1.0,0.0,0.0,0.0,
hard_terrain,7,payload_15kg,64,1296,20.7,-2.146916780155152,2.148480498926085,404.15625,224.5206688792109,1.0102431559935212,0.0363890071312582,0.14921260334085673,0.071984914474853,0.17239554545085412,0.6881867068177203,0.43234636582201347,0.4795853619035993,0.7334034601226449,0.2266661328549048,22.720924139022827,1.2940640273857642,3.2570826150476933,0.5606862291299374,0.02721420381567441,0.007475318250578266,422.2387857437134,150.66364915087962,0.9500571899116039,0.036942912073622075,0.17603798571508378,0.02391176344423615,1.0,0.0,0.0,0.0,
hard_terrain,7,push_x_3,64,925,14.1,16.08935757353902,10.621449238021526,517.09375,205.75696240799505,0.3513596289558336,0.20114509536063122,0.1518569181789644,0.07348876859974808,0.21044645179063082,0.8367945967871911,0.42397389297548216,0.48117165843469595,1.0925107840448618,0.21230156173396406,28.621041864156723,5.925719305056909,3.8274751231074333,1.5543381641215295,0.04217560445249546,0.009696150607032118,3425.637517929077,982.2795592337492,0.9040627842769027,0.14562305021225308,0.1652088916162029,0.04564790707862686,1.0,0.0,0.0,0.0,
hard_terrain,7,push_x_5,64,770,11.5,11.833565367851406,10.044719584113635,439.8125,144.8680707972186,0.38257298001553863,0.24505963619443116,0.18370427383342758,0.13144623869293254,0.29278031759895384,0.8576797092386153,0.38668870384572074,0.4750262010972955,1.1796218203380704,0.2770841819728464,33.361300587654114,10.65017164421401,5.164495997130871,3.0078910179642793,0.04820762376766652,0.01868325561374335,3437.933094024658,867.0622234187202,0.9509969549253583,0.18070618750624204,0.16765825648326427,0.05635737329195082,1.0,0.0,0.0,0.0,
hard_terrain,8,nominal,85,3578,54.2,80.55449521120856,61.76661979945833,2138.258823529412,1319.3684830697023,0.45135909353985504,0.3157293663151036,0.11869646400651511,0.06562453324835552,0.12055236210717875,0.7470560653393076,0.42427588686182655,0.43288373265948804,0.8275195165592082,0.3712551493817185,31.727708412619197,6.203991257701018,4.935984545595506,1.7544932739298973,0.03606276937815196,0.01644976427042952,2384.209479118796,1185.7685667860894,0.9529219052370856,0.11569206680800224,0.16680779457092285,0.03577064351335844,1.0,0.0,0.0,0.0,
hard_terrain,8,payload_5kg,86,3578,55.1,67.41586118797923,54.92224505612389,2246.0116279069766,1407.971009846823,0.5035286682636239,0.29353216905929097,0.10643338726097068,0.057977625635633946,0.2143019053132035,0.7685307043294252,0.4656203957775413,0.42566766262456307,1.1455922251523927,0.5516708229825965,28.942469153293345,5.063751353655285,3.7101943548335585,1.2456344481538317,0.04639446699645284,0.023035252648013635,1738.971765118976,992.8970828862655,0.9886729627154595,0.06410447974161536,0.1395661807510742,0.022640841322923388,1.0,0.0,0.0,0.0,
hard_terrain,8,payload_10kg,65,3578,56.5,44.052089391992645,32.38968233816521,2871.646153846154,1236.8564163683423,0.8493877264169546,0.16766746822768588,0.0609291657160681,0.05995004233330517,0.14610083252191544,0.7869406393077337,0.4822606754847444,0.4806752530102876,0.5294050330726,0.5041118853116283,25.62024028484638,2.501836851203,2.878899618295523,0.61665998788324,0.018588772598797314,0.017186108939730865,961.3800545325646,1040.1348539520961,1.008309663259066,0.0755314774928087,0.13221576099212354,0.027856434127842694,1.0,0.0,0.0,0.0,
hard_terrain,8,payload_15kg,64,3878,58.7,28.407947479281574,28.531603466719375,2952.65625,1198.8755474914883,0.9905491163954139,0.01618314993193992,0.03608714900474297,0.035663307061869515,0.13489627891158307,0.8165767984750295,0.48109977694548434,0.49859351127473256,0.2424010514805559,0.22303253172419288,22.9440056681633,1.3628906995339485,2.9276448786258698,0.7492709775624588,0.008928791030484717,0.008319683569638726,440.95620507001877,540.8638373942886,0.95130112208426,0.0400616529824348,0.15198760200291872,0.03743193553223224,1.0,0.0,0.0,0.0,
hard_terrain,8,push_x_3,64,1134,16.5,15.333006261731498,9.90893101800721,536.71875,221.220099315749,0.31943812454119325,0.18374418088307853,0.19809178670402616,0.06479524284492791,0.35306892869994044,0.7740748086216186,0.2931259547767695,0.4435633799146099,1.1248723631724715,0.1362731795071323,31.66267102956772,6.707456208189768,4.7235444243997335,1.99213133222988,0.045142090442823246,0.007635799337894394,3076.059314727783,921.3738359282377,0.9582407986745238,0.13572288896125526,0.16705463046673685,0.04777323155251107,1.0,0.0,0.0,0.0,
hard_terrain,8,push_x_5,64,1098,16.2,11.843920483253896,14.569195168992472,502.4375,209.82259135105028,0.3627319715451449,0.22858831814281463,0.2428436743794009,0.12566085809530073,0.29889026026648935,0.7888574791152574,0.34646605145098874,0.44842101196247475,1.1831092908978462,0.2880025101124701,34.4164302945137,8.552871421738026,5.384097326546907,2.4989753282088456,0.04772455821512267,0.018608912000917716,3321.8044776916504,1181.0982320880253,0.9975505014881492,0.1711969417078263,0.1727390130981803,0.0501136070906095,1.0,0.0,0.0,0.0,
